pickup_lat,pickup_lng,drop_lat,drop_lng,distance_km,time_of_day,day_type,traffic_level,vehicle_type,surge_multiplier,request_time,estimated_fare,estimated_eta_min,driver_availability,service_provider
17.41974,78.49482,17.35529,78.41045,11.47,Evening,Weekend,High,Big-Car,1.55,04-01-2025 21:38,348.05,28.68,Yes,Ola
17.43966,78.46858,17.42679,78.42842,4.49,Morning,Weekend,High,Car,1.93,25-01-2025 11:37,231.31,11.22,No,Ola
17.38618,78.52011,17.37138,78.44283,8.36,Evening,Weekday,High,Car,1.7,22-01-2025 17:30,302.43,20.9,No,Ola
17.42637,78.47894,17.44784,78.40339,8.36,Evening,Weekday,High,AC-Car,1.52,30-01-2025 21:54,270.41,20.9,No,Ola
17.41322,78.45287,17.45475,78.44226,4.75,Afternoon,Weekday,Low,Big-Car,1.09,23-01-2025 16:45,89.93,5.94,Yes,Ola
17.46925,78.43722,17.3783,78.4075,10.59,Night,Weekend,Low,AC-Car,1.02,11-01-2025 03:20,143.72,13.24,Yes,Ola
17.45101,78.47264,17.36673,78.46662,9.39,Evening,Weekend,High,Big-Car,1.85,25-01-2025 19:04,357.7,23.48,Yes,Ola
17.36672,78.52643,17.3824,78.42786,10.6,Night,Weekday,Low,Big-Car,1.08,23-01-2025 02:41,152.28,13.25,Yes,Ola
17.46003,78.52405,17.46693,78.47077,5.7,Afternoon,Weekday,Medium,Big-Car,1.27,07-01-2025 14:11,140.21,9.5,Yes,Ola
17.37946,78.44561,17.46002,78.4633,9.15,Evening,Weekday,High,Car,1.57,02-01-2025 20:23,297.91,22.88,Yes,Ola
17.44451,78.49507,17.40472,78.40473,10.56,Night,Weekend,Low,Car,1.04,26-01-2025 23:27,146.22,13.2,Yes,Ola
17.43308,78.48755,17.4412,78.49226,1.03,Evening,Weekend,High,Big-Car,1.52,26-01-2025 17:51,103.28,2.57,Yes,Ola
17.42111,78.45478,17.40152,78.4636,2.37,Afternoon,Weekday,Low,Big-Car,1.03,10-01-2025 12:41,60.46,2.96,Yes,Ola
17.36605,78.53695,17.39329,78.46797,7.92,Morning,Weekday,Medium,Big-Car,1.39,28-01-2025 11:45,190.49,13.2,Yes,Ola
17.41024,78.41272,17.45004,78.42793,4.71,Morning,Weekend,High,AC-Car,1.76,26-01-2025 10:30,216.74,11.77,Yes,Ola
17.38192,78.53574,17.46104,78.49561,9.77,Night,Weekday,Low,Big-Car,1.05,10-01-2025 03:11,139.34,12.21,Yes,Ola
17.37663,78.52433,17.45699,78.42529,13.79,Night,Weekend,Low,AC-Car,1.01,26-01-2025 04:21,174.63,17.24,Yes,Ola
17.447,78.48582,17.40683,78.46187,5.14,Morning,Weekday,High,AC-Car,1.82,27-01-2025 09:10,235.87,12.85,Yes,Ola
17.36966,78.54608,17.36625,78.54466,0.41,Morning,Weekend,Medium,Big-Car,1.49,26-01-2025 10:34,69.91,0.68,Yes,Ola
17.45585,78.42959,17.35672,78.4791,12.21,Morning,Weekend,Medium,AC-Car,1.33,05-01-2025 06:24,250.73,20.35,Yes,Ola
17.35241,78.52628,17.36011,78.54482,2.15,Morning,Weekday,High,AC-Car,1.57,23-01-2025 05:02,133.06,5.37,Yes,Ola
17.37537,78.46543,17.40897,78.51253,6.24,Evening,Weekday,High,AC-Car,1.6,06-01-2025 21:27,233.76,15.6,Yes,Ola
17.47951,78.48914,17.36034,78.44417,14.08,Afternoon,Weekday,Low,Car,1,27-01-2025 16:20,175.8,17.6,Yes,Ola
17.3525,78.40665,17.39423,78.41971,4.84,Morning,Weekday,High,Big-Car,1.79,08-01-2025 08:10,223.93,12.1,Yes,Ola
17.46776,78.44192,17.45155,78.44105,1.8,Afternoon,Weekday,Medium,Big-Car,1.47,15-01-2025 14:27,93.49,3,Yes,Ola
17.46958,78.47481,17.39034,78.5457,11.58,Evening,Weekend,High,Big-Car,1.84,26-01-2025 19:07,416.21,28.95,No,Ola
17.42916,78.52542,17.41058,78.47801,5.44,Morning,Weekday,Medium,AC-Car,1.36,09-01-2025 10:53,145.9,9.07,Yes,Ola
17.39831,78.42514,17.4413,78.51811,10.96,Morning,Weekday,Medium,Car,1.31,20-01-2025 11:18,227.31,18.27,Yes,Ola
17.37466,78.45958,17.46339,78.42635,10.48,Night,Weekday,Low,Big-Car,1.06,28-01-2025 03:25,148.19,13.1,Yes,Ola
17.40025,78.5319,17.35974,78.44371,10.39,Night,Weekday,Low,Car,1.04,13-01-2025 22:35,144.46,12.99,Yes,Ola
17.41978,78.41248,17.45537,78.43484,4.61,Night,Weekday,Low,Car,1.04,06-01-2025 23:40,84.34,5.76,Yes,Ola
17.44709,78.45063,17.3574,78.50586,11.57,Afternoon,Weekend,Low,Big-Car,1.07,11-01-2025 12:35,161.25,14.46,Yes,Ola
17.44448,78.50294,17.44712,78.46918,3.59,Night,Weekday,Low,Big-Car,1.06,28-01-2025 01:47,75.15,4.49,Yes,Ola
17.35835,78.54427,17.37951,78.54876,2.4,Night,Weekday,Low,Car,1.05,27-01-2025 03:15,61.95,3,Yes,Ola
17.38249,78.44797,17.4694,78.42811,9.89,Evening,Weekday,High,Big-Car,1.74,16-01-2025 20:11,349.48,24.73,No,Ola
17.45897,78.41624,17.43788,78.40268,2.75,Morning,Weekend,Medium,AC-Car,1.32,18-01-2025 05:38,99,4.58,Yes,Ola
17.39973,78.40844,17.47119,78.4531,9.25,Morning,Weekday,Medium,AC-Car,1.31,08-01-2025 11:58,200.43,15.42,Yes,Ola
17.47023,78.4599,17.38267,78.46192,9.74,Evening,Weekday,High,Big-Car,1.99,03-01-2025 18:36,395.21,24.35,No,Ola
17.42414,78.52445,17.471,78.42536,11.73,Night,Weekend,Low,AC-Car,1.07,05-01-2025 23:58,162.96,14.66,Yes,Ola
17.38498,78.51351,17.41458,78.40375,12.1,Afternoon,Weekday,Medium,AC-Car,1.27,22-01-2025 14:17,237.74,20.17,Yes,Ola
17.43252,78.48998,17.46659,78.50132,3.97,Afternoon,Weekend,Medium,AC-Car,1.3,11-01-2025 15:48,116.53,6.62,Yes,Ola
17.46472,78.52326,17.46741,78.49067,3.47,Morning,Weekday,Medium,Big-Car,1.34,06-01-2025 10:09,112.08,5.78,Yes,Ola
17.37282,78.49743,17.38116,78.43993,6.17,Morning,Weekday,Medium,Car,1.41,06-01-2025 06:53,163.62,10.28,Yes,Ola
17.41536,78.49571,17.36949,78.50969,5.31,Evening,Weekend,High,Car,1.81,12-01-2025 19:18,239.19,13.27,No,Ola
17.37903,78.50658,17.36995,78.52366,2.07,Evening,Weekday,High,Big-Car,1.59,24-01-2025 17:24,132.84,5.17,No,Ola
17.47033,78.43513,17.40973,78.50186,9.77,Afternoon,Weekday,Medium,AC-Car,1.31,27-01-2025 12:02,208.6,16.28,Yes,Ola
17.46313,78.40255,17.45635,78.42092,2.09,Morning,Weekday,High,AC-Car,1.99,08-01-2025 09:31,166.86,5.22,Yes,Ola
17.43071,78.53996,17.3939,78.46099,9.33,Morning,Weekday,High,Car,1.87,24-01-2025 09:22,359.88,23.32,Yes,Ola
17.4132,78.52457,17.36238,78.41852,12.59,Evening,Weekday,High,AC-Car,1.8,23-01-2025 17:42,434.43,31.47,Yes,Ola
17.40844,78.53413,17.45307,78.4627,9.06,Afternoon,Weekday,Low,Big-Car,1.05,15-01-2025 16:14,131.88,11.32,Yes,Ola
17.44526,78.48448,17.40392,78.50607,5.14,Night,Weekday,Low,AC-Car,1.03,16-01-2025 03:10,88.99,6.42,Yes,Ola
17.36013,78.5493,17.46132,78.48789,13,Evening,Weekday,High,AC-Car,1.78,06-01-2025 18:52,440.55,32.5,Yes,Ola
17.44312,78.49992,17.37707,78.40823,12.19,Night,Weekday,Low,AC-Car,1.05,13-01-2025 04:11,164.74,15.24,Yes,Ola
17.45971,78.5369,17.45992,78.43141,11.19,Night,Weekday,Low,Car,1.03,06-01-2025 02:20,151.31,13.99,Yes,Ola
17.35197,78.41648,17.4096,78.46313,8.1,Afternoon,Weekday,Low,Big-Car,1.07,29-01-2025 15:39,124.12,10.12,Yes,Ola
17.40502,78.46606,17.46905,78.40853,9.38,Afternoon,Weekday,Medium,AC-Car,1.3,16-01-2025 13:22,200.93,15.63,Yes,Ola
17.37346,78.4157,17.36581,78.4719,6.02,Morning,Weekday,Medium,Car,1.48,07-01-2025 09:44,169.08,10.03,Yes,Ola
17.47124,78.49936,17.44188,78.51626,3.72,Evening,Weekday,High,AC-Car,1.76,20-01-2025 17:08,190.61,9.3,No,Ola
17.46128,78.41696,17.42015,78.51864,11.72,Night,Weekday,Low,Car,1.08,29-01-2025 02:52,164.38,14.65,Yes,Ola
17.43599,78.47067,17.44099,78.52626,5.92,Night,Weekday,Low,Car,1.04,22-01-2025 23:04,97.97,7.4,Yes,Ola
17.44268,78.40594,17.35316,78.42052,10.07,Night,Weekday,Low,Big-Car,1.03,15-01-2025 02:10,139.77,12.59,Yes,Ola
17.41454,78.51002,17.4786,78.42418,11.56,Evening,Weekday,High,AC-Car,1.5,17-01-2025 20:37,338.85,28.9,Yes,Ola
17.413,78.51915,17.47744,78.47695,8.45,Afternoon,Weekday,Medium,AC-Car,1.31,07-01-2025 16:28,187.85,14.08,Yes,Ola
17.39756,78.51478,17.47231,78.41605,13.37,Night,Weekday,Low,AC-Car,1.03,01-01-2025 00:14,173.76,16.71,Yes,Ola
17.41899,78.53137,17.38009,78.43138,11.46,Morning,Weekday,Medium,Big-Car,1.43,01-01-2025 09:32,256.71,19.1,Yes,Ola
17.45031,78.50702,17.42185,78.4525,6.59,Afternoon,Weekend,Low,Big-Car,1.04,05-01-2025 15:32,104.94,8.24,Yes,Ola
17.43286,78.44507,17.44089,78.46808,2.6,Night,Weekend,Low,Big-Car,1.03,26-01-2025 23:59,62.83,3.25,Yes,Ola
17.45221,78.50902,17.37197,78.48627,9.24,Evening,Weekday,High,Big-Car,1.95,10-01-2025 17:40,372.64,23.1,Yes,Ola
17.47364,78.48193,17.35313,78.4953,13.47,Morning,Weekday,Medium,Car,1.21,10-01-2025 09:27,246.4,22.45,Yes,Ola
17.42887,78.53685,17.47607,78.4806,7.95,Morning,Weekday,Medium,AC-Car,1.33,30-01-2025 05:11,182.74,13.25,Yes,Ola
17.37193,78.46134,17.38898,78.49808,4.34,Afternoon,Weekend,Medium,Big-Car,1.33,18-01-2025 16:20,125.13,7.23,Yes,Ola
17.36412,78.45199,17.44655,78.54604,13.55,Morning,Weekday,Medium,AC-Car,1.37,06-01-2025 08:30,280.3,22.58,Yes,Ola
17.4143,78.40315,17.35547,78.52568,14.56,Night,Weekday,Low,Car,1.02,27-01-2025 04:39,184.21,18.2,Yes,Ola
17.35841,78.42176,17.45803,78.52913,15.89,Evening,Weekday,High,AC-Car,1.99,15-01-2025 18:27,578.79,39.73,Yes,Ola
17.46138,78.40945,17.43286,78.54302,14.52,Afternoon,Weekday,Medium,Big-Car,1.46,21-01-2025 15:59,315.71,24.2,Yes,Ola
17.40182,78.52414,17.37619,78.4383,9.54,Evening,Weekday,High,Car,1.57,15-01-2025 20:29,307.09,23.85,Yes,Ola
17.41719,78.40436,17.35574,78.51512,13.6,Morning,Weekday,Medium,Big-Car,1.41,03-01-2025 10:40,289.33,22.67,Yes,Ola
17.47001,78.46023,17.38495,78.41366,10.67,Evening,Weekday,High,Car,1.7,23-01-2025 21:09,361.33,26.67,Yes,Ola
17.38417,78.45153,17.41664,78.49081,5.51,Night,Weekday,Low,Big-Car,1.1,06-01-2025 02:39,99.11,6.89,Yes,Ola
17.39695,78.40078,17.46399,78.53671,16.23,Evening,Weekend,High,Car,2,05-01-2025 21:03,591.9,40.57,Yes,Ola
17.40943,78.47015,17.47299,78.42765,8.38,Morning,Weekday,High,Car,1.78,16-01-2025 06:55,317.2,20.95,No,Ola
17.38216,78.53583,17.37682,78.51231,2.57,Afternoon,Weekday,Low,AC-Car,1.06,08-01-2025 16:14,64.34,3.21,Yes,Ola
17.47609,78.52732,17.3776,78.45045,13.65,Morning,Weekend,High,AC-Car,1.66,26-01-2025 07:49,427.03,34.12,Yes,Ola
17.40134,78.49251,17.41146,78.51415,2.56,Night,Weekday,Low,Car,1.07,17-01-2025 00:53,64.84,3.2,Yes,Ola
17.45847,78.4606,17.41213,78.41366,7.17,Night,Weekend,Low,AC-Car,1.01,25-01-2025 03:57,107.77,8.96,Yes,Ola
17.39036,78.42097,17.3758,78.4306,1.91,Morning,Weekend,High,Car,1.67,11-01-2025 06:19,135.52,4.77,Yes,Ola
17.40848,78.48692,17.39315,78.53011,4.89,Afternoon,Weekend,Medium,Big-Car,1.45,04-01-2025 15:44,145.99,8.15,Yes,Ola
17.36524,78.5155,17.3793,78.45129,6.99,Evening,Weekday,High,Big-Car,1.63,17-01-2025 18:19,256.48,17.47,Yes,Ola
17.38967,78.43915,17.47516,78.40662,10.11,Night,Weekend,Low,Car,1.01,12-01-2025 22:02,137.46,12.64,Yes,Ola
17.35866,78.51754,17.40606,78.42547,11.1,Morning,Weekend,High,Car,1.95,11-01-2025 06:17,427.05,27.75,No,Ola
17.38644,78.46509,17.35498,78.52864,7.6,Night,Weekend,Low,AC-Car,1.03,26-01-2025 00:33,114.33,9.5,Yes,Ola
17.40756,78.5426,17.38451,78.46238,8.89,Night,Weekday,Low,Big-Car,1.05,09-01-2025 04:19,130.09,11.11,Yes,Ola
17.45773,78.47343,17.39235,78.46999,7.28,Afternoon,Weekday,Medium,Car,1.31,29-01-2025 16:25,169.46,12.13,Yes,Ola
17.43935,78.54139,17.3937,78.42725,13.13,Afternoon,Weekend,Low,Big-Car,1.04,11-01-2025 12:41,172.95,16.41,Yes,Ola
17.46513,78.40727,17.38423,78.4247,9.18,Night,Weekday,Low,Big-Car,1.07,24-01-2025 00:05,135.68,11.47,Yes,Ola
17.47483,78.45018,17.37166,78.48259,11.98,Morning,Weekend,High,Big-Car,1.71,19-01-2025 07:28,397.06,29.95,Yes,Ola
17.35897,78.49386,17.40664,78.41141,10.23,Night,Weekday,Low,AC-Car,1.06,22-01-2025 03:16,145.54,12.79,Yes,Ola
17.38289,78.54895,17.4431,78.49807,8.6,Night,Weekday,Low,Big-Car,1.03,13-01-2025 03:26,124.63,10.75,Yes,Ola
17.35418,78.53105,17.42092,78.48071,9.14,Morning,Weekday,Medium,AC-Car,1.21,20-01-2025 07:51,183.53,15.23,Yes,Ola
17.42465,78.52108,17.4062,78.53881,2.78,Morning,Weekday,Medium,Big-Car,1.47,07-01-2025 10:40,110.78,4.63,Yes,Ola
17.37377,78.4944,17.46101,78.51632,9.98,Afternoon,Weekday,Medium,AC-Car,1.37,22-01-2025 16:49,221.61,16.63,Yes,Ola
17.4253,78.5169,17.42374,78.45829,6.22,Afternoon,Weekday,Medium,Big-Car,1.4,28-01-2025 13:07,163.3,10.37,Yes,Ola
17.37553,78.52394,17.36384,78.41965,11.14,Morning,Weekday,High,AC-Car,1.62,13-01-2025 09:45,355.75,27.85,Yes,Ola
17.469,78.49799,17.40212,78.45641,8.65,Morning,Weekend,Medium,Big-Car,1.36,12-01-2025 08:21,198.29,14.42,Yes,Ola
17.41673,78.47792,17.36455,78.49439,6.06,Morning,Weekday,Medium,Big-Car,1.42,14-01-2025 05:49,162.9,10.1,Yes,Ola
17.36691,78.44576,17.4607,78.52093,13.13,Afternoon,Weekday,Low,Car,1.09,21-01-2025 12:07,181.27,16.41,Yes,Ola
17.35004,78.44918,17.37847,78.4485,3.16,Night,Weekday,Low,Car,1.03,03-01-2025 00:27,68.6,3.95,Yes,Ola
17.45314,78.53398,17.47794,78.53453,2.76,Morning,Weekend,Medium,Car,1.41,05-01-2025 10:08,105.92,4.6,Yes,Ola
17.37909,78.4002,17.47492,78.53449,17.79,Night,Weekday,Low,Big-Car,1.04,08-01-2025 23:56,221.42,22.24,Yes,Ola
17.47358,78.54567,17.35296,78.41836,19.04,Night,Weekday,Low,Big-Car,1.01,16-01-2025 00:43,227.65,23.8,Yes,Ola
17.40961,78.46334,17.37603,78.40534,7.2,Night,Weekend,Low,AC-Car,1.02,26-01-2025 01:20,109.14,9,Yes,Ola
17.39918,78.52997,17.40015,78.5391,0.97,Morning,Weekday,High,Car,1.97,13-01-2025 09:05,132.09,2.42,No,Ola
17.42756,78.50879,17.43954,78.48343,3,Morning,Weekday,Medium,AC-Car,1.26,17-01-2025 06:42,98.28,5,Yes,Ola
17.36152,78.50351,17.37549,78.51348,1.88,Morning,Weekday,Medium,AC-Car,1.33,28-01-2025 06:35,85.86,3.13,Yes,Ola
17.42951,78.49254,17.3937,78.4794,4.22,Evening,Weekday,High,Big-Car,1.94,03-01-2025 20:31,224.65,10.55,No,Ola
17.36978,78.48166,17.41169,78.43913,6.49,Afternoon,Weekday,Low,Car,1.08,17-01-2025 16:52,107.89,8.11,Yes,Ola
17.40549,78.49779,17.43778,78.52209,4.42,Afternoon,Weekday,Low,Car,1.06,20-01-2025 15:45,83.95,5.52,Yes,Ola
17.46612,78.50776,17.47697,78.48165,3.02,Morning,Weekday,High,Car,1.86,15-01-2025 10:28,181.91,7.55,Yes,Ola
17.38618,78.44609,17.3876,78.4612,1.61,Night,Weekday,Low,AC-Car,1.1,02-01-2025 22:24,56.21,2.01,Yes,Ola
17.43686,78.52778,17.4715,78.46933,7.3,Morning,Weekday,Medium,AC-Car,1.3,23-01-2025 06:58,168.48,12.17,Yes,Ola
17.45824,78.52117,17.42642,78.42789,10.51,Night,Weekday,Low,Big-Car,1.03,29-01-2025 00:58,144.3,13.14,Yes,Ola
17.4312,78.48798,17.40825,78.41231,8.42,Evening,Weekday,High,Car,1.66,22-01-2025 21:15,296.81,21.05,Yes,Ola
17.42122,78.47372,17.43293,78.43476,4.33,Evening,Weekday,High,Car,1.55,28-01-2025 21:53,182.05,10.82,Yes,Ola
17.35651,78.4106,17.35859,78.51036,10.59,Morning,Weekday,Medium,Car,1.39,23-01-2025 10:59,235.02,17.65,Yes,Ola
17.45509,78.50692,17.41043,78.48653,5.42,Evening,Weekend,High,Big-Car,1.99,11-01-2025 19:34,266.26,13.55,No,Ola
17.40354,78.52987,17.37052,78.45714,8.55,Morning,Weekend,Medium,Car,1.41,19-01-2025 11:38,203.89,14.25,Yes,Ola
17.35272,78.4996,17.38477,78.4966,3.58,Night,Weekday,Low,Big-Car,1.09,30-01-2025 23:54,77.17,4.47,Yes,Ola
17.38739,78.53433,17.37552,78.43491,10.63,Evening,Weekday,High,Car,1.63,07-01-2025 17:58,345.48,26.57,Yes,Ola
17.40653,78.52794,17.45926,78.54069,6.02,Morning,Weekday,Medium,Car,1.27,07-01-2025 09:51,145.08,10.03,Yes,Ola
17.36589,78.45857,17.37764,78.42004,4.29,Morning,Weekend,High,Big-Car,1.62,04-01-2025 06:03,189.3,10.72,Yes,Ola
17.38571,78.44163,17.4692,78.47037,9.77,Afternoon,Weekday,Medium,Big-Car,1.5,17-01-2025 12:32,238.86,16.28,Yes,Ola
17.37085,78.51211,17.39244,78.50691,2.46,Morning,Weekday,Medium,AC-Car,1.25,22-01-2025 05:22,89.4,4.1,Yes,Ola
17.38443,78.53659,17.38048,78.54739,1.23,Afternoon,Weekend,Low,AC-Car,1.02,18-01-2025 13:05,48.25,1.54,Yes,Ola
17.37867,78.50446,17.40891,78.41235,10.34,Morning,Weekday,Medium,Big-Car,1.27,09-01-2025 08:33,210.92,17.23,Yes,Ola
17.41559,78.42493,17.41654,78.52106,10.2,Morning,Weekday,High,Car,1.53,02-01-2025 11:23,314.42,25.5,Yes,Ola
17.37425,78.41526,17.39818,78.48541,7.91,Afternoon,Weekday,Medium,Car,1.48,24-01-2025 13:43,202.64,13.18,Yes,Ola
17.3829,78.54865,17.43654,78.53537,6.13,Afternoon,Weekday,Medium,Big-Car,1.5,29-01-2025 15:08,173.34,10.22,Yes,Ola
17.39377,78.51526,17.43625,78.48121,5.95,Afternoon,Weekend,Low,AC-Car,1.09,25-01-2025 14:40,103.01,7.44,Yes,Ola
17.43627,78.41174,17.35964,78.45698,9.78,Evening,Weekday,High,AC-Car,1.98,15-01-2025 17:03,394.42,24.45,Yes,Ola
17.46371,78.53217,17.35064,78.52029,12.64,Morning,Weekday,High,AC-Car,1.95,01-01-2025 10:10,472.1,31.6,Yes,Ola
17.44519,78.46989,17.46831,78.51079,5.04,Afternoon,Weekend,Medium,Big-Car,1.39,04-01-2025 14:21,142.45,8.4,Yes,Ola
17.35423,78.44142,17.42593,78.52926,12.27,Evening,Weekday,High,Big-Car,2,01-01-2025 20:55,473.1,30.67,Yes,Ola
17.37421,78.54714,17.44776,78.5087,9.14,Morning,Weekday,Medium,AC-Car,1.23,30-01-2025 08:28,186.57,15.23,Yes,Ola
17.35484,78.54393,17.39427,78.45413,10.49,Morning,Weekday,High,Big-Car,1.72,02-01-2025 07:17,360.94,26.22,Yes,Ola
17.42711,78.46342,17.4402,78.54166,8.43,Night,Weekday,Low,Car,1.08,30-01-2025 23:36,128.84,10.54,Yes,Ola
17.40906,78.50473,17.35216,78.49841,6.36,Night,Weekday,Low,AC-Car,1.04,28-01-2025 02:35,102.54,7.95,Yes,Ola
17.46561,78.53065,17.3649,78.45523,13.76,Night,Weekday,Low,Big-Car,1.03,23-01-2025 23:54,177.78,17.2,Yes,Ola
17.43979,78.40642,17.44167,78.5214,12.2,Morning,Weekend,High,AC-Car,1.71,19-01-2025 07:55,402.7,30.5,Yes,Ola
17.3772,78.49156,17.36671,78.51238,2.5,Night,Weekday,Low,Car,1.07,17-01-2025 00:50,64.2,3.12,Yes,Ola
17.47645,78.51694,17.37507,78.41336,15.74,Night,Weekend,Low,Big-Car,1.08,19-01-2025 00:16,207.79,19.68,Yes,Ola
17.45315,78.49754,17.47002,78.44199,6.18,Evening,Weekday,High,Big-Car,1.63,16-01-2025 19:13,236.68,15.45,Yes,Ola
17.36047,78.45655,17.3718,78.44236,1.96,Evening,Weekday,High,Big-Car,1.76,08-01-2025 19:38,144.14,4.9,No,Ola
17.42287,78.52091,17.47667,78.44131,10.35,Night,Weekday,Low,Car,1.01,06-01-2025 00:43,139.88,12.94,Yes,Ola
17.4243,78.4165,17.46679,78.41802,4.73,Morning,Weekend,High,AC-Car,1.82,19-01-2025 06:31,224.68,11.83,Yes,Ola
17.42635,78.51659,17.38888,78.47627,5.97,Morning,Weekday,High,Car,1.59,29-01-2025 11:04,225.86,14.92,Yes,Ola
17.39205,78.40761,17.37611,78.5227,12.34,Morning,Weekday,High,Car,1.67,14-01-2025 07:55,396.79,30.85,Yes,Ola
17.35826,78.46329,17.45398,78.47789,10.76,Morning,Weekday,High,AC-Car,1.97,16-01-2025 11:52,421.38,26.9,No,Ola
17.39271,78.4341,17.38544,78.42874,0.99,Morning,Weekday,Medium,Car,1.45,30-01-2025 07:50,78.13,1.65,Yes,Ola
17.45737,78.50565,17.37492,78.42932,12.23,Evening,Weekday,High,Car,1.53,13-01-2025 20:32,361,30.57,Yes,Ola
17.46211,78.43994,17.4566,78.54442,11.1,Evening,Weekday,High,Big-Car,1.97,02-01-2025 20:14,431.43,27.75,Yes,Ola
17.39351,78.50546,17.46611,78.53192,8.55,Evening,Weekday,High,AC-Car,1.65,28-01-2025 18:28,298.24,21.38,Yes,Ola
17.39587,78.50975,17.36299,78.48931,4.25,Morning,Weekend,High,Big-Car,1.53,11-01-2025 08:33,177.86,10.62,No,Ola
17.41659,78.46639,17.38627,78.42885,5.22,Evening,Weekday,High,Car,1.84,02-01-2025 21:55,240.67,13.05,Yes,Ola
17.443,78.43158,17.39742,78.41845,5.26,Morning,Weekday,High,Car,1.97,28-01-2025 07:21,258.86,13.15,No,Ola
17.44736,78.53235,17.43407,78.54139,1.76,Morning,Weekday,Medium,Big-Car,1.27,20-01-2025 06:56,80.16,2.93,Yes,Ola
17.42017,78.42507,17.37441,78.42155,5.1,Evening,Weekday,High,Car,1.64,24-01-2025 17:27,211.56,12.75,Yes,Ola
17.39121,78.50819,17.46248,78.54044,8.63,Night,Weekday,Low,Big-Car,1.1,13-01-2025 03:40,133.43,10.79,Yes,Ola
17.42196,78.52833,17.43221,78.53415,1.3,Evening,Weekend,High,AC-Car,1.59,19-01-2025 21:02,114.48,3.25,No,Ola
17.40253,78.40168,17.41388,78.52133,12.76,Night,Weekend,Low,Car,1.02,25-01-2025 22:32,165.85,15.95,Yes,Ola
17.45965,78.5411,17.41686,78.44881,10.89,Night,Weekend,Low,Car,1.09,26-01-2025 22:46,156.85,13.61,Yes,Ola
17.39836,78.49432,17.38639,78.52628,3.64,Night,Weekday,Low,Big-Car,1.04,24-01-2025 23:44,74.26,4.55,Yes,Ola
17.37897,78.53651,17.46816,78.46522,12.47,Evening,Weekend,High,Big-Car,1.52,05-01-2025 20:50,364.12,31.18,Yes,Ola
17.38386,78.4287,17.37656,78.40786,2.36,Evening,Weekday,High,Car,1.7,28-01-2025 19:08,149.43,5.9,Yes,Ola
17.47041,78.46215,17.45435,78.53469,7.9,Night,Weekday,Low,Car,1.01,15-01-2025 22:40,115.14,9.88,Yes,Ola
17.44585,78.41374,17.36559,78.52858,15.1,Morning,Weekday,Medium,Big-Car,1.28,20-01-2025 10:27,285.7,25.17,Yes,Ola
17.41645,78.51604,17.4581,78.46764,6.91,Morning,Weekend,Medium,Big-Car,1.5,26-01-2025 11:21,187.38,11.52,Yes,Ola
17.43318,78.42775,17.36245,78.45287,8.3,Night,Weekday,Low,Car,1.09,21-01-2025 03:18,128.62,10.38,Yes,Ola
17.38135,78.46496,17.41069,78.52787,7.43,Morning,Weekday,Medium,AC-Car,1.48,09-01-2025 07:44,194.12,12.38,Yes,Ola
17.44194,78.44319,17.42477,78.4236,2.82,Morning,Weekday,High,AC-Car,1.75,23-01-2025 05:23,165.9,7.05,No,Ola
17.43194,78.4679,17.44065,78.53967,7.68,Night,Weekend,Low,Big-Car,1.1,12-01-2025 00:30,122.98,9.6,Yes,Ola
17.39085,78.50749,17.47239,78.42132,12.88,Evening,Weekend,High,Car,1.66,12-01-2025 21:08,407.86,32.2,No,Ola
17.35049,78.45367,17.41834,78.43164,7.9,Evening,Weekday,High,Big-Car,1.56,07-01-2025 19:04,266.76,19.75,Yes,Ola
17.35754,78.45422,17.46523,78.4256,12.35,Night,Weekend,Low,Big-Car,1.06,05-01-2025 01:43,168.01,15.44,Yes,Ola
17.47153,78.44406,17.45493,78.4285,2.48,Evening,Weekday,High,AC-Car,1.98,21-01-2025 20:25,177.61,6.2,Yes,Ola
17.35849,78.46779,17.44974,78.48072,10.24,Night,Weekend,Low,AC-Car,1.03,25-01-2025 23:51,141.52,12.8,Yes,Ola
17.3509,78.53594,17.44098,78.43315,14.81,Morning,Weekday,Medium,AC-Car,1.23,29-01-2025 10:06,270.26,24.68,Yes,Ola
17.42347,78.42447,17.47122,78.41092,5.5,Night,Weekend,Low,AC-Car,1.02,05-01-2025 01:53,91.8,6.88,Yes,Ola
17.4185,78.51053,17.45292,78.42314,10.03,Night,Weekday,Low,Big-Car,1.03,29-01-2025 23:37,139.36,12.54,Yes,Ola
17.41516,78.54323,17.39517,78.54354,2.22,Night,Weekday,Low,Big-Car,1.05,07-01-2025 22:32,60.06,2.77,Yes,Ola
17.43534,78.42608,17.4438,78.41802,1.27,Morning,Weekday,Medium,AC-Car,1.3,20-01-2025 10:44,74.41,2.12,Yes,Ola
17.38537,78.42762,17.46169,78.5249,13.36,Night,Weekday,Low,Car,1.03,01-01-2025 04:47,173.66,16.7,Yes,Ola
17.37344,78.48559,17.39859,78.45772,4.07,Evening,Weekend,High,Big-Car,1.85,04-01-2025 19:58,210.07,10.18,Yes,Ola
17.42565,78.49332,17.46992,78.43394,7.99,Night,Weekday,Low,AC-Car,1.01,14-01-2025 04:09,116.05,9.99,Yes,Ola
17.38051,78.54542,17.47466,78.52432,10.71,Night,Weekday,Low,Big-Car,1.09,27-01-2025 00:58,154.89,13.39,Yes,Ola
17.35699,78.42215,17.36273,78.41071,1.37,Night,Weekday,Low,AC-Car,1,02-01-2025 02:54,48.7,1.71,Yes,Ola
17.44115,78.45763,17.35177,78.48934,10.49,Morning,Weekend,High,Car,1.63,18-01-2025 08:27,342.06,26.22,No,Ola
17.38082,78.40208,17.35088,78.48319,9.23,Morning,Weekday,Medium,Big-Car,1.27,30-01-2025 06:12,194.01,15.38,Yes,Ola
17.39597,78.53038,17.44031,78.5277,4.94,Evening,Weekend,High,AC-Car,1.53,12-01-2025 21:06,193.7,12.35,Yes,Ola
17.35487,78.49485,17.42921,78.53913,9.51,Evening,Weekend,High,Car,1.7,25-01-2025 18:49,331.75,23.77,Yes,Ola
17.47481,78.43854,17.46875,78.50353,6.93,Night,Weekend,Low,AC-Car,1.06,25-01-2025 00:45,110.56,8.66,Yes,Ola
17.44867,78.50663,17.3558,78.53588,10.78,Evening,Weekday,High,AC-Car,1.69,30-01-2025 21:13,362,26.95,Yes,Ola
17.41361,78.45213,17.46488,78.54907,11.76,Night,Weekday,Low,AC-Car,1,24-01-2025 04:52,152.6,14.7,Yes,Ola
17.37571,78.51089,17.36282,78.4774,3.83,Night,Weekend,Low,Car,1.04,26-01-2025 04:20,76.23,4.79,Yes,Ola
17.40831,78.45878,17.41191,78.52188,6.71,Night,Weekday,Low,Car,1.04,01-01-2025 03:03,106.18,8.39,Yes,Ola
17.4798,78.45344,17.43086,78.52538,9.37,Evening,Weekend,High,Big-Car,1.96,25-01-2025 20:02,378.38,23.42,Yes,Ola
17.35583,78.54949,17.40882,78.45034,12.06,Morning,Weekday,High,AC-Car,1.99,20-01-2025 06:33,464.47,30.15,Yes,Ola
17.38846,78.45827,17.3986,78.45694,1.14,Afternoon,Weekend,Medium,AC-Car,1.26,26-01-2025 16:46,70.16,1.9,Yes,Ola
17.37352,78.51607,17.36713,78.45206,6.83,Evening,Weekend,High,Car,1.69,19-01-2025 18:26,261.87,17.07,Yes,Ola
17.41087,78.46463,17.403,78.44382,2.38,Afternoon,Weekend,Medium,Car,1.42,11-01-2025 14:05,100.2,3.97,Yes,Ola
17.37824,78.52322,17.47902,78.48082,12.08,Morning,Weekday,High,Big-Car,1.66,20-01-2025 05:51,387.94,30.2,Yes,Ola
17.47577,78.54513,17.47187,78.40393,14.98,Night,Weekend,Low,AC-Car,1.07,04-01-2025 22:29,197.74,18.72,Yes,Ola
17.40315,78.44472,17.43314,78.49841,6.6,Night,Weekday,Low,AC-Car,1,10-01-2025 02:55,101,8.25,Yes,Ola
17.36433,78.46971,17.36794,78.52306,5.68,Evening,Weekend,High,Big-Car,1.84,04-01-2025 21:07,253.37,14.2,No,Ola
17.37969,78.44473,17.39502,78.50277,6.39,Night,Weekend,Low,Car,1.09,19-01-2025 00:33,107.8,7.99,Yes,Ola
17.4523,78.49782,17.37511,78.50709,8.64,Evening,Weekend,High,Big-Car,1.6,19-01-2025 20:26,291.36,21.6,No,Ola
17.46665,78.51092,17.38514,78.40505,14.43,Evening,Weekday,High,Car,1.65,23-01-2025 20:20,443.77,36.07,No,Ola
17.37141,78.4112,17.39268,78.46789,6.46,Night,Weekend,Low,Big-Car,1.03,26-01-2025 01:50,102.59,8.07,Yes,Ola
17.42468,78.42506,17.41505,78.45047,2.9,Evening,Weekday,High,AC-Car,1.82,16-01-2025 19:14,174.72,7.25,No,Ola
17.35365,78.43029,17.4604,78.47735,12.88,Night,Weekday,Low,AC-Car,1.07,01-01-2025 22:30,175.27,16.1,Yes,Ola
17.47765,78.41729,17.39996,78.4643,9.97,Afternoon,Weekday,Medium,Big-Car,1.3,30-01-2025 14:48,210.13,16.62,Yes,Ola
17.40085,78.54946,17.36667,78.40792,15.49,Night,Weekday,Low,AC-Car,1.06,22-01-2025 04:36,201.29,19.36,Yes,Ola
17.38616,78.52856,17.47981,78.47646,11.79,Afternoon,Weekday,Low,AC-Car,1.09,06-01-2025 15:44,166.66,14.74,Yes,Ola
17.35535,78.52083,17.37447,78.44697,8.12,Night,Weekday,Low,AC-Car,1.03,13-01-2025 01:56,119.69,10.15,Yes,Ola
17.39446,78.47766,17.35597,78.4418,5.73,Night,Weekday,Low,Car,1.02,30-01-2025 22:54,94.15,7.16,Yes,Ola
17.36013,78.446,17.40978,78.40349,7.13,Evening,Weekday,High,Big-Car,1.64,28-01-2025 18:31,261.5,17.82,Yes,Ola
17.46102,78.52771,17.44276,78.49332,4.17,Night,Weekday,Low,Big-Car,1.04,17-01-2025 03:12,79.77,5.21,Yes,Ola
17.39529,78.41406,17.47228,78.40368,8.63,Night,Weekday,Low,AC-Car,1.05,16-01-2025 04:13,127.37,10.79,Yes,Ola
17.44234,78.53648,17.38654,78.46505,9.79,Evening,Weekday,High,Car,1.76,24-01-2025 19:32,350.86,24.47,Yes,Ola
17.45035,78.42215,17.45029,78.51711,10.07,Evening,Weekday,High,Big-Car,1.99,30-01-2025 19:21,405.06,25.18,Yes,Ola
17.46083,78.54367,17.43788,78.54372,2.55,Morning,Weekday,High,Car,1.85,27-01-2025 08:19,167.89,6.37,Yes,Ola
17.41161,78.53837,17.37988,78.53623,3.54,Morning,Weekday,High,AC-Car,1.99,22-01-2025 07:53,210.14,8.85,Yes,Ola
17.39378,78.44951,17.4063,78.40902,4.52,Night,Weekday,Low,AC-Car,1.05,22-01-2025 23:18,84.21,5.65,Yes,Ola
17.41241,78.40288,17.43387,78.51139,11.76,Afternoon,Weekday,Low,Car,1.05,29-01-2025 13:45,160.23,14.7,Yes,Ola
17.44579,78.52084,17.36885,78.43575,12.44,Morning,Weekday,High,AC-Car,1.77,14-01-2025 08:50,423.21,31.1,No,Ola
17.41942,78.43052,17.47572,78.42757,6.27,Morning,Weekday,Medium,Big-Car,1.28,22-01-2025 09:42,150.07,10.45,Yes,Ola
17.35936,78.48359,17.40256,78.46515,5.19,Morning,Weekday,Medium,Car,1.47,06-01-2025 06:31,153.29,8.65,Yes,Ola
17.40251,78.5138,17.45723,78.407,12.86,Afternoon,Weekday,Medium,AC-Car,1.22,07-01-2025 14:18,239.51,21.43,Yes,Ola
17.47347,78.41142,17.43923,78.41824,3.88,Afternoon,Weekday,Medium,AC-Car,1.45,27-01-2025 12:28,128.41,6.47,Yes,Ola
17.47769,78.47586,17.41358,78.4516,7.58,Afternoon,Weekend,Low,Car,1.02,25-01-2025 12:21,113.02,9.47,Yes,Ola
17.39134,78.53351,17.43217,78.46294,8.76,Night,Weekday,Low,Car,1.1,21-01-2025 00:36,134.86,10.95,Yes,Ola
17.35902,78.40173,17.43778,78.44286,9.78,Afternoon,Weekday,Low,AC-Car,1.05,07-01-2025 16:33,139.44,12.22,Yes,Ola
17.35305,78.48846,17.36356,78.44378,4.88,Evening,Weekday,High,Big-Car,1.56,15-01-2025 17:36,196.09,12.2,Yes,Ola
17.41438,78.40263,17.4784,78.44905,8.66,Night,Weekday,Low,Car,1.08,09-01-2025 23:22,131.33,10.82,Yes,Ola
17.43161,78.41892,17.44202,78.42251,1.22,Afternoon,Weekday,Medium,Big-Car,1.32,07-01-2025 13:21,74.76,2.03,Yes,Ola
17.35247,78.43225,17.40343,78.54101,12.86,Evening,Weekday,High,AC-Car,1.59,16-01-2025 18:24,390.19,32.15,Yes,Ola
17.46926,78.5237,17.45706,78.44872,8.07,Night,Weekday,Low,Car,1.03,24-01-2025 23:46,119.17,10.09,Yes,Ola
17.47406,78.47266,17.47593,78.51017,3.98,Afternoon,Weekend,Medium,Big-Car,1.2,19-01-2025 15:28,107.71,6.63,Yes,Ola
17.42675,78.54665,17.46409,78.53335,4.39,Afternoon,Weekday,Medium,Car,1.46,17-01-2025 15:06,138.23,7.32,Yes,Ola
17.37031,78.49166,17.423,78.52285,6.73,Night,Weekday,Low,AC-Car,1.09,23-01-2025 03:39,111.51,8.41,Yes,Ola
17.42277,78.50403,17.42512,78.51077,0.76,Morning,Weekday,High,AC-Car,1.63,01-01-2025 07:32,104.16,1.9,Yes,Ola
17.47396,78.51298,17.46174,78.48673,3.1,Evening,Weekend,High,Big-Car,1.57,04-01-2025 18:52,155.43,7.75,Yes,Ola
17.37376,78.4197,17.45606,78.42637,9.18,Morning,Weekday,High,AC-Car,1.83,28-01-2025 07:22,348.07,22.95,Yes,Ola
17.40028,78.52918,17.40737,78.49072,4.16,Afternoon,Weekday,Medium,AC-Car,1.31,06-01-2025 15:32,120.42,6.93,Yes,Ola
17.35386,78.54447,17.46147,78.47046,14.31,Night,Weekday,Low,Car,1.02,17-01-2025 22:03,181.66,17.89,Yes,Ola
17.44832,78.40852,17.41373,78.48529,9.01,Afternoon,Weekend,Medium,Big-Car,1.28,12-01-2025 13:50,192.15,15.02,Yes,Ola
17.4415,78.44809,17.41753,78.40707,5.1,Afternoon,Weekday,Low,AC-Car,1.08,02-01-2025 14:13,92.88,6.37,Yes,Ola
17.44322,78.5161,17.41843,78.42002,10.56,Morning,Weekend,Medium,AC-Car,1.45,26-01-2025 05:01,244.64,17.6,Yes,Ola
17.45548,78.44092,17.46297,78.51975,8.4,Night,Weekday,Low,AC-Car,1.08,06-01-2025 01:54,128.52,10.5,Yes,Ola
17.36922,78.47379,17.44817,78.40458,11.45,Afternoon,Weekday,Medium,AC-Car,1.39,14-01-2025 15:53,249.37,19.08,Yes,Ola
17.38793,78.47228,17.44988,78.4528,7.19,Evening,Weekday,High,Big-Car,1.67,20-01-2025 19:09,267.78,17.98,Yes,Ola
17.38537,78.47545,17.47713,78.49789,10.48,Evening,Weekday,High,AC-Car,1.71,07-01-2025 17:10,358.59,26.2,Yes,Ola
17.3984,78.53023,17.41083,78.48246,5.25,Morning,Weekday,High,AC-Car,1.52,01-01-2025 05:35,199.5,13.12,No,Ola
17.42762,78.40674,17.43482,78.47513,7.3,Afternoon,Weekday,Medium,Big-Car,1.3,03-01-2025 16:21,168.48,12.17,Yes,Ola
17.36925,78.49415,17.4455,78.50099,8.51,Night,Weekday,Low,Car,1.06,23-01-2025 02:23,127.31,10.64,Yes,Ola
17.40287,78.52483,17.40063,78.47744,5.03,Morning,Weekday,Medium,AC-Car,1.22,13-01-2025 09:06,124.88,8.38,Yes,Ola
17.4383,78.42983,17.41914,78.46092,3.93,Night,Weekday,Low,Big-Car,1.02,20-01-2025 01:32,75.79,4.91,Yes,Ola
17.44682,78.54011,17.35686,78.41071,16.99,Afternoon,Weekday,Medium,Car,1.27,10-01-2025 15:32,312.27,28.32,Yes,Ola
17.37182,78.54573,17.43985,78.50778,8.57,Morning,Weekday,High,Big-Car,1.55,15-01-2025 07:39,280.63,21.43,No,Ola
17.42194,78.43993,17.47569,78.4961,8.44,Evening,Weekday,High,Big-Car,1.52,06-01-2025 21:02,272.23,21.1,Yes,Ola
17.47314,78.47547,17.3988,78.4928,8.47,Night,Weekday,Low,AC-Car,1.05,20-01-2025 22:59,125.69,10.59,Yes,Ola
17.41857,78.48092,17.42736,78.47514,1.15,Afternoon,Weekday,Low,AC-Car,1,21-01-2025 16:18,46.5,1.44,Yes,Ola
17.39642,78.53413,17.44361,78.45474,9.92,Night,Weekend,Low,Car,1.09,11-01-2025 04:44,146.28,12.4,Yes,Ola
17.41432,78.44008,17.4567,78.42776,4.89,Morning,Weekday,High,Car,1.64,14-01-2025 05:06,206.39,12.22,No,Ola
17.47413,78.53745,17.4465,78.51675,3.78,Afternoon,Weekday,Medium,Big-Car,1.25,07-01-2025 15:45,109.2,6.3,Yes,Ola
17.3661,78.41541,17.37521,78.48084,7.02,Afternoon,Weekday,Low,AC-Car,1.01,16-01-2025 12:58,106.25,8.77,Yes,Ola
17.36619,78.43857,17.44939,78.44438,9.27,Evening,Weekday,High,AC-Car,1.65,22-01-2025 19:21,316.06,23.17,Yes,Ola
17.43721,78.52492,17.45329,78.40426,12.92,Morning,Weekday,High,AC-Car,1.51,21-01-2025 10:37,371.91,32.3,Yes,Ola
17.46967,78.51228,17.42614,78.46052,7.32,Afternoon,Weekday,Medium,AC-Car,1.35,10-01-2025 15:13,175.28,12.2,Yes,Ola
17.35885,78.48143,17.47039,78.53225,13.52,Afternoon,Weekend,Low,Big-Car,1.06,19-01-2025 13:04,180.41,16.9,Yes,Ola
17.41729,78.49,17.45577,78.43584,7.16,Evening,Weekday,High,Big-Car,1.95,06-01-2025 17:00,311.8,17.9,No,Ola
17.45744,78.48802,17.44766,78.49285,1.2,Morning,Weekday,Medium,AC-Car,1.43,24-01-2025 07:15,80.65,2,Yes,Ola
17.46683,78.54655,17.37968,78.52717,9.91,Morning,Weekday,Medium,AC-Car,1.36,14-01-2025 07:58,218.85,16.52,Yes,Ola
17.44463,78.43335,17.37171,78.43489,8.11,Morning,Weekday,Medium,Big-Car,1.38,10-01-2025 10:41,192.26,13.52,Yes,Ola
17.38274,78.48637,17.39854,78.4156,7.71,Morning,Weekday,Medium,AC-Car,1.47,22-01-2025 06:23,197.74,12.85,Yes,Ola
17.38935,78.44999,17.39797,78.41056,4.29,Night,Weekday,Low,Car,1.06,24-01-2025 03:59,82.57,5.36,Yes,Ola
17.46715,78.54115,17.36331,78.5183,11.8,Evening,Weekend,High,AC-Car,1.72,19-01-2025 20:27,394.74,29.5,No,Ola
17.37565,78.46718,17.41772,78.44432,5.27,Afternoon,Weekday,Medium,Big-Car,1.37,29-01-2025 15:43,144.18,8.78,Yes,Ola
17.47707,78.41755,17.43321,78.40377,5.09,Morning,Weekday,High,AC-Car,1.65,22-01-2025 07:13,212.6,12.72,Yes,Ola
17.40012,78.49777,17.37651,78.4408,6.59,Evening,Weekday,High,Car,1.53,22-01-2025 18:52,231.57,16.47,No,Ola
17.39499,78.4336,17.37132,78.46454,4.21,Evening,Weekday,High,Car,1.84,09-01-2025 20:22,212.8,10.52,No,Ola
17.39303,78.49715,17.40699,78.42185,8.14,Night,Weekday,Low,Big-Car,1.06,24-01-2025 00:47,123.38,10.18,Yes,Ola
17.47048,78.50405,17.40926,78.48625,7.06,Evening,Weekday,High,Car,1.92,16-01-2025 17:52,304.13,17.65,Yes,Ola
17.37881,78.41244,17.36524,78.43177,2.55,Evening,Weekday,High,AC-Car,1.53,24-01-2025 17:35,138.85,6.37,Yes,Ola
17.46722,78.46563,17.47224,78.47162,0.85,Afternoon,Weekday,Low,AC-Car,1.02,01-01-2025 14:26,44.37,1.06,Yes,Ola
17.39855,78.41112,17.47573,78.42538,8.71,Afternoon,Weekday,Medium,Big-Car,1.27,28-01-2025 12:47,186.08,14.52,Yes,Ola
17.38355,78.49811,17.47137,78.43884,11.61,Night,Weekday,Low,AC-Car,1.03,09-01-2025 04:48,155.63,14.51,Yes,Ola
17.46613,78.41381,17.40575,78.4418,7.34,Morning,Weekday,High,Big-Car,1.79,08-01-2025 09:18,291.05,18.35,Yes,Ola
17.45202,78.47046,17.38707,78.54335,10.58,Afternoon,Weekday,Low,AC-Car,1.05,20-01-2025 16:19,147.84,13.22,Yes,Ola
17.35931,78.44947,17.35591,78.50352,5.75,Night,Weekday,Low,Car,1.01,20-01-2025 01:36,93.42,7.19,Yes,Ola
17.45204,78.52241,17.42987,78.47876,5.25,Afternoon,Weekday,Low,Big-Car,1.02,10-01-2025 16:01,89.25,6.56,Yes,Ola
17.36331,78.5327,17.44474,78.42266,14.78,Evening,Weekday,High,Car,1.74,06-01-2025 21:46,477.11,36.95,Yes,Ola
17.38404,78.45566,17.40578,78.49344,4.68,Night,Weekend,Low,Big-Car,1.1,05-01-2025 04:59,89.98,5.85,Yes,Ola
17.39791,78.54821,17.36052,78.51836,5.23,Night,Weekday,Low,Big-Car,1.01,29-01-2025 00:22,88.17,6.54,Yes,Ola
17.45671,78.53189,17.44915,78.51422,2.05,Night,Weekday,Low,Big-Car,1.02,24-01-2025 02:50,56.61,2.56,Yes,Ola
17.46749,78.45978,17.37734,78.48798,10.46,Afternoon,Weekday,Medium,Big-Car,1.41,14-01-2025 14:57,236.2,17.43,Yes,Ola
17.39496,78.50026,17.44022,78.42739,9.22,Morning,Weekday,Medium,Big-Car,1.36,03-01-2025 07:57,207.59,15.37,Yes,Ola
17.45083,78.45753,17.47423,78.4362,3.45,Morning,Weekend,High,Big-Car,1.67,18-01-2025 09:22,174.1,8.62,Yes,Ola
17.37591,78.51189,17.41118,78.51153,3.92,Night,Weekday,Low,Big-Car,1.04,14-01-2025 00:45,77.17,4.9,Yes,Ola
17.40063,78.53979,17.44967,78.45501,10.52,Morning,Weekday,High,Big-Car,1.86,23-01-2025 08:37,391.16,26.3,Yes,Ola
17.39553,78.50179,17.46567,78.45961,8.99,Evening,Weekday,High,AC-Car,1.84,14-01-2025 18:30,344.72,22.47,Yes,Ola
17.418,78.51984,17.36558,78.53461,6.04,Afternoon,Weekday,Medium,Car,1.23,13-01-2025 16:47,140.81,10.07,Yes,Ola
17.47577,78.46081,17.4469,78.53893,8.89,Night,Weekday,Low,Car,1.01,07-01-2025 04:06,125.14,11.11,Yes,Ola
17.46381,78.51502,17.35689,78.44317,14.12,Afternoon,Weekday,Low,AC-Car,1,29-01-2025 15:57,176.2,17.65,Yes,Ola
17.38747,78.43401,17.41184,78.41214,3.57,Evening,Weekday,High,Big-Car,1.52,16-01-2025 20:50,161.2,8.92,Yes,Ola
17.44172,78.5276,17.38304,78.42936,12.3,Morning,Weekday,Medium,AC-Car,1.45,20-01-2025 09:17,274.92,20.5,Yes,Ola
17.36259,78.46214,17.40913,78.53582,9.38,Evening,Weekday,High,AC-Car,1.53,15-01-2025 19:48,295.6,23.45,No,Ola
17.36944,78.43,17.37703,78.44409,1.72,Morning,Weekend,High,AC-Car,1.63,05-01-2025 05:25,127.63,4.3,Yes,Ola
17.43368,78.43693,17.39778,78.41141,4.82,Afternoon,Weekday,Low,Car,1.04,30-01-2025 13:14,86.53,6.03,Yes,Ola
17.46252,78.50946,17.37445,78.43377,12.66,Afternoon,Weekday,Low,Big-Car,1.09,14-01-2025 12:13,176.14,15.82,Yes,Ola
17.3963,78.51963,17.38698,78.52826,1.38,Night,Weekday,Low,AC-Car,1.03,08-01-2025 02:36,50.26,1.72,Yes,Ola
17.3657,78.53234,17.41318,78.41367,13.65,Night,Weekend,Low,AC-Car,1.04,05-01-2025 01:15,178.36,17.06,Yes,Ola
17.43112,78.44695,17.35004,78.4359,9.09,Night,Weekday,Low,AC-Car,1.02,29-01-2025 23:04,128.42,11.36,Yes,Ola
17.35794,78.45324,17.45469,78.40646,11.85,Night,Weekday,Low,Car,1.04,01-01-2025 03:04,159.64,14.81,Yes,Ola
17.45338,78.53716,17.45541,78.46662,7.49,Night,Weekend,Low,Car,1.04,11-01-2025 02:03,114.3,9.36,Yes,Ola
17.35664,78.54866,17.37389,78.4459,11.07,Night,Weekday,Low,Car,1.09,03-01-2025 22:16,158.81,13.84,Yes,Ola
17.36666,78.44445,17.36512,78.50587,6.52,Night,Weekday,Low,Big-Car,1.06,30-01-2025 23:54,106.21,8.15,Yes,Ola
17.39787,78.47955,17.36799,78.46357,3.73,Morning,Weekend,Medium,Big-Car,1.37,19-01-2025 09:43,118.86,6.22,Yes,Ola
17.46228,78.50064,17.37944,78.54977,10.58,Morning,Weekday,High,AC-Car,1.78,23-01-2025 09:20,375.94,26.45,Yes,Ola
17.45488,78.43532,17.43517,78.45557,3.07,Night,Weekend,Low,AC-Car,1.02,26-01-2025 00:55,67.01,3.84,Yes,Ola
17.46878,78.52699,17.43486,78.4338,10.58,Night,Weekday,Low,Car,1.07,01-01-2025 04:03,150.66,13.22,Yes,Ola
17.38371,78.44294,17.45261,78.53099,12.08,Afternoon,Weekday,Medium,AC-Car,1.35,15-01-2025 12:18,252.4,20.13,Yes,Ola
17.3654,78.47397,17.43122,78.53985,10.12,Morning,Weekday,High,Big-Car,1.88,13-01-2025 11:29,384.08,25.3,Yes,Ola
17.39159,78.40712,17.36403,78.40706,3.06,Afternoon,Weekday,Medium,Big-Car,1.45,06-01-2025 14:30,114.14,5.1,Yes,Ola
17.37093,78.40463,17.38011,78.48935,9.05,Night,Weekday,Low,AC-Car,1.06,06-01-2025 00:52,133.03,11.31,Yes,Ola
17.37098,78.44673,17.41422,78.52487,9.58,Night,Weekday,Low,Car,1.07,07-01-2025 04:13,139.96,11.97,Yes,Ola
17.44105,78.50198,17.40326,78.42965,8.75,Afternoon,Weekday,Medium,AC-Car,1.25,07-01-2025 13:03,183.75,14.58,Yes,Ola
17.41714,78.40436,17.41939,78.5214,12.42,Evening,Weekday,High,AC-Car,1.88,29-01-2025 18:28,448.94,31.05,Yes,Ola
17.38771,78.43932,17.38234,78.41139,3.02,Afternoon,Weekday,Low,Car,1.09,01-01-2025 13:14,71.07,3.77,Yes,Ola
17.36498,78.53377,17.41229,78.51552,5.61,Night,Weekday,Low,Big-Car,1.02,20-01-2025 00:45,92.92,7.01,Yes,Ola
17.42933,78.5007,17.45646,78.41027,10.06,Night,Weekday,Low,Big-Car,1.02,27-01-2025 01:18,138.31,12.57,Yes,Ola
17.42429,78.53061,17.37441,78.4265,12.36,Night,Weekday,Low,Car,1.07,23-01-2025 03:40,169.7,15.45,Yes,Ola
17.45687,78.48975,17.41253,78.54261,7.47,Morning,Weekday,High,AC-Car,1.84,15-01-2025 05:12,302.77,18.67,No,Ola
17.35555,78.41123,17.35625,78.42219,1.17,Afternoon,Weekend,Low,Car,1.08,12-01-2025 14:24,50.44,1.46,Yes,Ola
17.47161,78.44982,17.35797,78.45267,12.64,Evening,Weekday,High,AC-Car,1.78,17-01-2025 19:45,430.94,31.6,No,Ola
17.35146,78.51156,17.40521,78.46061,8.06,Morning,Weekend,Medium,AC-Car,1.4,11-01-2025 05:35,194.21,13.43,Yes,Ola
17.4345,78.52298,17.45054,78.44564,8.4,Night,Weekday,Low,AC-Car,1.03,17-01-2025 23:02,122.57,10.5,Yes,Ola
17.457,78.47568,17.45217,78.49064,1.68,Morning,Weekend,High,Big-Car,1.84,11-01-2025 09:43,142.97,4.2,Yes,Ola
17.46376,78.47893,17.42752,78.47313,4.08,Afternoon,Weekday,Low,Car,1.08,22-01-2025 13:22,81.86,5.1,Yes,Ola
17.42782,78.48693,17.4375,78.46297,2.76,Night,Weekend,Low,Car,1.04,05-01-2025 22:25,65.1,3.45,Yes,Ola
17.41234,78.44006,17.45841,78.54226,11.99,Afternoon,Weekday,Medium,Big-Car,1.29,28-01-2025 14:46,239.79,19.98,Yes,Ola
17.37169,78.54339,17.4751,78.51363,11.92,Night,Weekday,Low,Big-Car,1.08,13-01-2025 03:05,166.54,14.9,Yes,Ola
17.39119,78.51714,17.45589,78.5167,7.19,Morning,Weekend,High,Big-Car,1.93,25-01-2025 05:41,309.48,17.98,Yes,Ola
17.45678,78.4435,17.35213,78.52995,14.82,Afternoon,Weekday,Medium,Big-Car,1.22,01-01-2025 13:46,268.2,24.7,Yes,Ola
17.45768,78.51428,17.44628,78.40986,11.15,Night,Weekday,Low,Big-Car,1.09,07-01-2025 23:58,159.69,13.94,Yes,Ola
17.46646,78.42705,17.42506,78.53469,12.31,Morning,Weekend,Medium,Car,1.22,25-01-2025 08:19,231.46,20.52,Yes,Ola
17.45523,78.47458,17.40708,78.46688,5.42,Night,Weekday,Low,Car,1.05,16-01-2025 04:58,93.66,6.77,Yes,Ola
17.40001,78.51459,17.44665,78.51202,5.19,Morning,Weekend,High,AC-Car,1.65,11-01-2025 06:14,215.08,12.97,Yes,Ola
17.44815,78.52286,17.44231,78.40568,12.45,Night,Weekday,Low,AC-Car,1.08,22-01-2025 22:32,172.26,15.56,Yes,Ola
17.45645,78.4689,17.42936,78.53088,7.23,Night,Weekday,Low,AC-Car,1.02,02-01-2025 04:01,109.45,9.04,Yes,Ola
17.35499,78.45499,17.47953,78.43489,14.01,Afternoon,Weekday,Medium,Big-Car,1.33,08-01-2025 12:49,279.46,23.35,Yes,Ola
17.44346,78.53459,17.40508,78.45504,9.46,Morning,Weekend,Medium,Big-Car,1.5,18-01-2025 05:17,233.28,15.77,Yes,Ola
17.35431,78.515,17.46675,78.43816,14.93,Night,Weekday,Low,AC-Car,1.02,20-01-2025 23:18,187.99,18.66,Yes,Ola
17.47113,78.53801,17.37682,78.42974,15.55,Afternoon,Weekday,Medium,Big-Car,1.46,15-01-2025 15:27,333.76,25.92,Yes,Ola
17.37495,78.53855,17.45962,78.40093,17.37,Afternoon,Weekday,Low,Car,1.05,08-01-2025 16:25,219.14,21.71,Yes,Ola
17.40579,78.4943,17.40048,78.48706,0.97,Evening,Weekday,High,Big-Car,1.55,14-01-2025 17:45,103.93,2.42,No,Ola
17.36999,78.41374,17.3686,78.4276,1.48,Evening,Weekend,High,Car,1.66,18-01-2025 19:19,124,3.7,Yes,Ola
17.37217,78.41349,17.46498,78.45479,11.21,Morning,Weekday,High,Big-Car,1.65,10-01-2025 11:48,364.07,28.03,Yes,Ola
17.39276,78.52051,17.35719,78.45451,8.04,Morning,Weekday,High,Big-Car,1.52,03-01-2025 05:17,263.11,20.1,Yes,Ola
17.46765,78.52153,17.37022,78.45611,12.87,Night,Weekday,Low,Big-Car,1.09,02-01-2025 22:48,178.43,16.09,Yes,Ola
17.38585,78.42869,17.3545,78.41262,3.88,Afternoon,Weekend,Low,AC-Car,1.09,11-01-2025 16:01,80.44,4.85,Yes,Ola
17.45912,78.51622,17.36382,78.54943,11.17,Afternoon,Weekday,Medium,AC-Car,1.49,23-01-2025 12:44,262.3,18.62,Yes,Ola
17.44384,78.48905,17.3655,78.44382,9.95,Afternoon,Weekday,Medium,AC-Car,1.43,13-01-2025 12:00,230.8,16.58,Yes,Ola
17.45926,78.43705,17.46352,78.45051,1.5,Morning,Weekday,High,Big-Car,1.87,23-01-2025 10:17,140.25,3.75,No,Ola
17.39997,78.5012,17.37749,78.50374,2.51,Night,Weekday,Low,Big-Car,1.08,13-01-2025 03:56,64.91,3.14,Yes,Ola
17.39754,78.44231,17.40996,78.43687,1.5,Afternoon,Weekday,Medium,AC-Car,1.4,21-01-2025 16:01,84,2.5,Yes,Ola
17.46573,78.42953,17.37451,78.42074,10.19,Morning,Weekday,High,Car,1.71,02-01-2025 06:50,351.15,25.47,Yes,Ola
17.40866,78.49408,17.43168,78.46383,4.11,Afternoon,Weekend,Low,Car,1.1,25-01-2025 13:36,83.71,5.14,Yes,Ola
17.46278,78.40162,17.42623,78.52622,13.83,Afternoon,Weekday,Medium,Car,1.46,29-01-2025 15:19,303.62,23.05,Yes,Ola
17.40779,78.4719,17.44625,78.49301,4.83,Evening,Weekday,High,Big-Car,1.79,28-01-2025 21:13,223.66,12.07,Yes,Ola
17.40484,78.42984,17.3826,78.41783,2.78,Morning,Weekend,Medium,Big-Car,1.41,25-01-2025 11:25,106.26,4.63,Yes,Ola
17.4119,78.41639,17.35161,78.49947,11.08,Night,Weekday,Low,Big-Car,1.08,07-01-2025 01:27,157.46,13.85,Yes,Ola
17.4334,78.42613,17.40523,78.5052,8.95,Afternoon,Weekend,Medium,Car,1.41,19-01-2025 16:52,210.65,14.92,Yes,Ola
17.47471,78.45045,17.45393,78.46006,2.53,Night,Weekday,Low,AC-Car,1.05,21-01-2025 00:14,63.31,3.16,Yes,Ola
17.43938,78.50023,17.39046,78.49244,5.5,Night,Weekday,Low,AC-Car,1.05,29-01-2025 03:27,94.5,6.88,Yes,Ola
17.4355,78.43939,17.43871,78.45951,2.16,Night,Weekday,Low,Big-Car,1.01,10-01-2025 23:13,57.17,2.7,Yes,Ola
17.35845,78.47352,17.44984,78.52653,11.61,Morning,Weekday,High,Big-Car,1.64,20-01-2025 07:25,371.71,29.02,Yes,Ola
17.43897,78.50006,17.37949,78.49397,6.65,Evening,Weekday,High,AC-Car,1.63,30-01-2025 20:46,248.17,16.62,No,Ola
17.43378,78.45343,17.3751,78.47849,7.05,Night,Weekday,Low,Car,1.06,22-01-2025 23:17,111.83,8.81,Yes,Ola
17.42751,78.46245,17.40306,78.45566,2.81,Night,Weekday,Low,AC-Car,1.05,24-01-2025 04:35,66.26,3.51,Yes,Ola
17.37596,78.42704,17.4088,78.46869,5.73,Night,Weekday,Low,AC-Car,1.06,02-01-2025 22:03,97.84,7.16,Yes,Ola
17.46374,78.46061,17.44849,78.40165,6.48,Afternoon,Weekend,Medium,Car,1.35,11-01-2025 12:28,161.68,10.8,Yes,Ola
17.45049,78.4569,17.43825,78.50484,5.26,Night,Weekday,Low,Car,1.03,22-01-2025 04:23,90.23,6.57,Yes,Ola
17.44257,78.46505,17.42253,78.5429,8.55,Evening,Weekday,High,AC-Car,1.72,14-01-2025 20:31,310.89,21.38,Yes,Ola
17.352,78.51943,17.40971,78.54022,6.79,Morning,Weekday,Medium,Big-Car,1.37,08-01-2025 11:19,169.17,11.32,Yes,Ola
17.40594,78.46181,17.47536,78.41702,9.06,Afternoon,Weekday,Low,AC-Car,1.03,08-01-2025 12:14,129.37,11.32,Yes,Ola
17.38192,78.54339,17.40866,78.50412,5.12,Morning,Weekend,High,Car,1.55,12-01-2025 09:35,200.42,12.8,Yes,Ola
17.41215,78.54769,17.47144,78.41729,15.32,Afternoon,Weekday,Low,Car,1.06,17-01-2025 13:10,199.49,19.15,Yes,Ola
17.35565,78.51806,17.47207,78.41669,16.83,Afternoon,Weekend,Medium,AC-Car,1.44,18-01-2025 14:31,351.3,28.05,Yes,Ola
17.43169,78.42254,17.37037,78.41095,6.93,Night,Weekday,Low,AC-Car,1.01,01-01-2025 03:33,105.34,8.66,Yes,Ola
17.44049,78.54779,17.42818,78.53406,2,Night,Weekend,Low,Car,1,05-01-2025 04:07,55,2.5,Yes,Ola
17.3628,78.48624,17.3762,78.49912,2.02,Evening,Weekday,High,AC-Car,1.69,24-01-2025 20:58,139.93,5.05,Yes,Ola
17.43608,78.46776,17.36813,78.46224,7.58,Night,Weekday,Low,AC-Car,1.07,13-01-2025 22:54,118.56,9.47,Yes,Ola
17.36203,78.50941,17.41058,78.40906,11.94,Morning,Weekday,High,AC-Car,1.72,08-01-2025 05:49,398.35,29.85,Yes,Ola
17.4299,78.51902,17.4698,78.43311,10.14,Night,Weekday,Low,AC-Car,1,20-01-2025 01:17,136.4,12.68,Yes,Ola
17.36332,78.52472,17.44997,78.4566,12.04,Night,Weekend,Low,AC-Car,1.04,25-01-2025 04:33,161.62,15.05,Yes,Ola
17.42504,78.50389,17.40247,78.52848,3.62,Afternoon,Weekday,Medium,Car,1.31,28-01-2025 13:17,111.93,6.03,Yes,Ola
17.3536,78.43742,17.39049,78.52932,10.58,Morning,Weekday,Medium,Big-Car,1.23,21-01-2025 07:26,207.82,17.63,Yes,Ola
17.41315,78.43171,17.3667,78.46221,6.1,Afternoon,Weekday,Low,AC-Car,1.04,07-01-2025 15:26,99.84,7.62,Yes,Ola
17.43853,78.48784,17.4521,78.53841,5.57,Morning,Weekend,Medium,Big-Car,1.47,11-01-2025 11:07,159.99,9.28,Yes,Ola
17.44042,78.43147,17.39617,78.44412,5.1,Evening,Weekend,High,Car,1.72,25-01-2025 20:01,221.88,12.75,Yes,Ola
17.38881,78.50389,17.44637,78.53782,7.34,Morning,Weekday,Medium,Big-Car,1.49,02-01-2025 09:02,193.82,12.23,Yes,Ola
17.43925,78.52037,17.39173,78.45936,8.36,Morning,Weekday,Medium,Big-Car,1.5,03-01-2025 05:19,213.48,13.93,Yes,Ola
17.44916,78.42829,17.42502,78.47995,6.1,Night,Weekend,Low,Car,1.05,04-01-2025 01:09,100.8,7.62,Yes,Ola
17.38117,78.41157,17.39101,78.5275,12.35,Afternoon,Weekday,Low,AC-Car,1.09,02-01-2025 15:17,172.77,15.44,Yes,Ola
17.43031,78.53406,17.41159,78.54032,2.18,Morning,Weekend,High,Car,1.87,26-01-2025 10:49,159.32,5.45,Yes,Ola
17.35668,78.42027,17.43119,78.43428,8.42,Afternoon,Weekday,Low,AC-Car,1.01,28-01-2025 13:31,120.39,10.52,Yes,Ola
17.40257,78.42437,17.45043,78.50614,10.18,Afternoon,Weekend,Low,AC-Car,1.08,04-01-2025 15:55,147.74,12.72,Yes,Ola
17.37152,78.53582,17.39288,78.46668,7.71,Night,Weekday,Low,Big-Car,1.09,01-01-2025 00:21,122.19,9.64,Yes,Ola
17.35961,78.48868,17.35884,78.49387,0.56,Night,Weekday,Low,AC-Car,1.01,15-01-2025 23:28,41.01,0.7,Yes,Ola
17.36684,78.54853,17.46532,78.40512,18.75,Night,Weekday,Low,Big-Car,1.01,22-01-2025 01:09,224.72,23.44,Yes,Ola
17.44048,78.53397,17.38781,78.40875,14.52,Afternoon,Weekend,Medium,AC-Car,1.35,11-01-2025 12:39,291.92,24.2,Yes,Ola
17.45893,78.51202,17.40765,78.4742,6.97,Afternoon,Weekday,Low,Car,1.03,14-01-2025 15:29,107.84,8.71,Yes,Ola
17.47303,78.47989,17.4485,78.44183,4.87,Night,Weekday,Low,AC-Car,1.06,14-01-2025 22:47,88.72,6.09,Yes,Ola
17.36801,78.5165,17.35479,78.45894,6.28,Afternoon,Weekday,Medium,AC-Car,1.42,14-01-2025 12:25,166.65,10.47,Yes,Ola
17.35839,78.49216,17.46456,78.47255,11.99,Morning,Weekday,High,AC-Car,1.51,23-01-2025 11:00,350.85,29.97,No,Ola
17.45356,78.44412,17.38304,78.51211,10.65,Night,Weekend,Low,Big-Car,1.01,19-01-2025 03:09,142.91,13.31,Yes,Ola
17.47585,78.4423,17.42421,78.52394,10.39,Morning,Weekday,Medium,AC-Car,1.32,15-01-2025 08:21,220.02,17.32,Yes,Ola
17.37092,78.48457,17.43596,78.45285,7.98,Afternoon,Weekend,Medium,Car,1.35,05-01-2025 16:42,185.98,13.3,Yes,Ola
17.45252,78.41644,17.35,78.47,12.74,Morning,Weekday,High,Car,1.95,29-01-2025 08:38,475.02,31.85,No,Ola
17.44998,78.47771,17.40577,78.53029,7.44,Evening,Weekday,High,Car,1.83,03-01-2025 20:07,300.3,18.6,Yes,Ola
17.45797,78.42962,17.38752,78.49068,10.17,Night,Weekday,Low,Car,1.02,28-01-2025 03:14,139.43,12.71,Yes,Ola
17.40125,78.46286,17.45829,78.48729,6.85,Evening,Weekend,High,Car,1.72,04-01-2025 17:18,267.03,17.12,Yes,Ola
17.36493,78.50037,17.46806,78.52283,11.71,Afternoon,Weekend,Low,Big-Car,1.09,25-01-2025 13:37,165.79,14.64,Yes,Ola
17.42669,78.50663,17.45029,78.49268,3.01,Morning,Weekday,Medium,Car,1.37,15-01-2025 08:47,107.02,5.02,Yes,Ola
17.37405,78.54153,17.4197,78.44497,11.43,Night,Weekday,Low,Car,1.04,28-01-2025 22:39,155.27,14.29,Yes,Ola
17.46104,78.45863,17.41877,78.47486,5.01,Afternoon,Weekend,Low,Car,1.05,11-01-2025 14:55,89.36,6.26,Yes,Ola
17.44974,78.43191,17.47218,78.48903,6.55,Afternoon,Weekday,Medium,AC-Car,1.39,16-01-2025 12:26,167.63,10.92,Yes,Ola
17.39755,78.53014,17.44879,78.42391,12.63,Night,Weekday,Low,Big-Car,1.03,02-01-2025 02:38,166.14,15.79,Yes,Ola
17.38217,78.52951,17.41798,78.5441,4.27,Night,Weekday,Low,Big-Car,1.01,20-01-2025 22:43,78.48,5.34,Yes,Ola
17.35374,78.52345,17.40666,78.50779,6.11,Afternoon,Weekend,Low,Big-Car,1.01,04-01-2025 13:05,97.06,7.64,Yes,Ola
17.37058,78.40452,17.41821,78.51617,12.98,Night,Weekday,Low,Big-Car,1.05,01-01-2025 03:15,173.04,16.22,Yes,Ola
17.41468,78.48746,17.40354,78.45133,4.03,Afternoon,Weekday,Low,Big-Car,1.09,13-01-2025 12:56,82.08,5.04,Yes,Ola
17.41688,78.50069,17.43465,78.4986,1.99,Night,Weekend,Low,Big-Car,1.08,05-01-2025 03:12,59.29,2.49,Yes,Ola
17.46509,78.49813,17.36483,78.41539,14.19,Morning,Weekday,Medium,AC-Car,1.26,06-01-2025 10:36,267.47,23.65,Yes,Ola
17.40668,78.4463,17.38212,78.42514,3.54,Afternoon,Weekday,Low,Car,1.02,22-01-2025 13:30,71.81,4.42,Yes,Ola
17.44754,78.46879,17.35416,78.4013,12.61,Afternoon,Weekday,Medium,Car,1.46,17-01-2025 16:04,282.25,21.02,Yes,Ola
17.40366,78.50175,17.40057,78.49546,0.75,Morning,Weekday,High,AC-Car,1.74,13-01-2025 09:51,110.93,1.88,Yes,Ola
17.46056,78.40873,17.44318,78.42771,2.79,Night,Weekday,Low,AC-Car,1.05,24-01-2025 02:01,66.05,3.49,Yes,Ola
17.37362,78.51131,17.41139,78.41062,11.48,Evening,Weekday,High,AC-Car,1.84,17-01-2025 21:44,413.45,28.7,No,Ola
17.3538,78.47119,17.38286,78.48225,3.44,Afternoon,Weekday,Medium,Car,1.43,27-01-2025 13:07,119.09,5.73,Yes,Ola
17.39918,78.50607,17.4401,78.54972,6.49,Evening,Weekend,High,AC-Car,1.58,04-01-2025 19:24,236.76,16.22,No,Ola
17.36982,78.40639,17.35615,78.49951,10,Night,Weekday,Low,Big-Car,1.05,17-01-2025 23:02,141.75,12.5,Yes,Ola
17.42508,78.46091,17.3549,78.46799,7.84,Evening,Weekday,High,Big-Car,1.63,02-01-2025 19:58,277.26,19.6,Yes,Ola
17.36023,78.52725,17.41307,78.44056,10.92,Night,Weekday,Low,Big-Car,1.04,20-01-2025 03:27,149.97,13.65,Yes,Ola
17.3769,78.53811,17.35099,78.45546,9.23,Night,Weekday,Low,Car,1.04,17-01-2025 01:02,132.39,11.54,Yes,Ola
17.47713,78.49573,17.3924,78.43755,11.26,Night,Weekend,Low,Car,1.1,04-01-2025 00:51,162.36,14.07,Yes,Ola
17.45637,78.42342,17.35173,78.44756,11.91,Afternoon,Weekend,Low,Car,1.07,05-01-2025 14:37,164.89,14.89,Yes,Ola
17.41461,78.43129,17.36451,78.52296,11.21,Afternoon,Weekday,Medium,Car,1.3,10-01-2025 15:15,229.48,18.68,Yes,Ola
17.3741,78.50649,17.42968,78.4478,8.77,Night,Weekend,Low,AC-Car,1.03,04-01-2025 02:31,126.38,10.96,Yes,Ola
17.4298,78.4064,17.38245,78.42912,5.79,Evening,Weekday,High,AC-Car,1.6,09-01-2025 18:21,222.96,14.47,Yes,Ola
17.45649,78.4562,17.45181,78.45133,0.73,Morning,Weekend,Medium,AC-Car,1.27,04-01-2025 08:21,64.47,1.22,Yes,Ola
17.44679,78.45477,17.42708,78.45982,2.26,Evening,Weekday,High,Car,1.71,24-01-2025 19:25,147.74,5.65,Yes,Ola
17.41634,78.4406,17.47212,78.52818,11.17,Morning,Weekday,High,Car,1.81,07-01-2025 05:26,398.29,27.92,No,Ola
17.40129,78.46288,17.40316,78.51662,5.71,Morning,Weekday,High,AC-Car,1.63,07-01-2025 11:50,225.18,14.27,Yes,Ola
17.46901,78.45638,17.43571,78.42121,5.26,Afternoon,Weekday,Medium,Big-Car,1.44,07-01-2025 14:12,151.37,8.77,Yes,Ola
17.36107,78.52852,17.47986,78.49552,13.66,Morning,Weekend,Medium,Big-Car,1.21,25-01-2025 06:15,249.16,22.77,Yes,Ola
17.42498,78.51587,17.47299,78.50923,5.38,Night,Weekend,Low,AC-Car,1,19-01-2025 02:24,88.8,6.72,Yes,Ola
17.36116,78.42587,17.3922,78.54668,13.28,Morning,Weekend,Medium,Car,1.45,04-01-2025 11:52,291.97,22.13,Yes,Ola
17.46615,78.42059,17.37647,78.52942,15.26,Night,Weekday,Low,Car,1.07,02-01-2025 03:12,200.73,19.07,Yes,Ola
17.46272,78.48166,17.39266,78.46106,8.09,Night,Weekday,Low,Big-Car,1.07,24-01-2025 02:48,124.01,10.11,Yes,Ola
17.38823,78.43228,17.43272,78.5345,11.92,Evening,Weekday,High,Car,1.53,13-01-2025 17:21,353.89,29.8,Yes,Ola
17.40219,78.48255,17.40182,78.53964,6.06,Night,Weekend,Low,Big-Car,1.07,25-01-2025 03:11,102.29,7.57,Yes,Ola
17.35594,78.47034,17.4504,78.47059,10.5,Afternoon,Weekday,Medium,AC-Car,1.36,28-01-2025 12:08,228.48,17.5,Yes,Ola
17.35612,78.42195,17.36029,78.52724,11.18,Night,Weekday,Low,AC-Car,1.09,21-01-2025 00:59,160.01,13.97,Yes,Ola
17.42635,78.54449,17.47529,78.40098,16.17,Afternoon,Weekday,Medium,AC-Car,1.24,24-01-2025 15:37,292.69,26.95,Yes,Ola
17.35486,78.4505,17.40576,78.42418,6.31,Evening,Weekday,High,AC-Car,1.65,15-01-2025 20:32,242.8,15.77,Yes,Ola
17.41601,78.46508,17.42899,78.46521,1.44,Night,Weekday,Low,AC-Car,1.02,06-01-2025 03:50,50.39,1.8,Yes,Ola
17.40915,78.5044,17.47495,78.49544,7.38,Evening,Weekday,High,Car,1.54,02-01-2025 21:36,251.33,18.45,Yes,Ola
17.38449,78.46638,17.45961,78.46715,8.35,Morning,Weekday,High,Car,1.56,09-01-2025 06:19,277.29,20.87,Yes,Ola
17.43068,78.40901,17.37452,78.40621,6.25,Morning,Weekday,High,AC-Car,1.57,29-01-2025 05:50,229.61,15.62,Yes,Ola
17.40481,78.50422,17.46921,78.48379,7.48,Night,Weekday,Low,Big-Car,1.09,13-01-2025 02:06,119.68,9.35,Yes,Ola
17.46226,78.53548,17.42113,78.41039,14.04,Evening,Weekday,High,AC-Car,1.87,03-01-2025 20:22,492,35.1,No,Ola
17.35747,78.51212,17.4588,78.44399,13.39,Evening,Weekend,High,Big-Car,1.89,04-01-2025 20:26,478.83,33.48,No,Ola
17.47935,78.48361,17.42794,78.43876,7.44,Afternoon,Weekday,Low,Car,1.1,03-01-2025 16:40,120.34,9.3,Yes,Ola
17.46759,78.51696,17.35503,78.4032,17.39,Morning,Weekend,Medium,Big-Car,1.29,26-01-2025 07:13,323.38,28.98,Yes,Ola
17.3605,78.54269,17.471,78.53159,12.34,Morning,Weekday,High,Big-Car,1.92,24-01-2025 05:01,456.19,30.85,No,Ola
17.40374,78.45028,17.44939,78.46459,5.3,Night,Weekend,Low,AC-Car,1.03,26-01-2025 01:35,90.64,6.62,Yes,Ola
17.40515,78.54176,17.41157,78.51685,2.74,Night,Weekday,Low,Car,1.06,24-01-2025 03:39,66.14,3.43,Yes,Ola
17.3851,78.46098,17.4429,78.44217,6.73,Evening,Weekend,High,AC-Car,1.68,05-01-2025 17:26,257.8,16.82,Yes,Ola
17.39478,78.40197,17.39362,78.47229,7.46,Night,Weekday,Low,Big-Car,1,28-01-2025 22:06,109.6,9.32,Yes,Ola
17.42089,78.47224,17.46218,78.51338,6.33,Afternoon,Weekend,Low,Big-Car,1.06,19-01-2025 13:28,104.2,7.91,Yes,Ola
17.42768,78.43062,17.4131,78.47552,5.03,Morning,Weekday,High,Car,1.61,07-01-2025 09:52,206,12.57,No,Ola
17.38355,78.50677,17.43879,78.48562,6.54,Afternoon,Weekday,Medium,AC-Car,1.38,17-01-2025 13:30,166.26,10.9,Yes,Ola
17.43343,78.43889,17.4766,78.42677,4.97,Morning,Weekday,Medium,Big-Car,1.48,21-01-2025 08:28,150.43,8.28,Yes,Ola
17.36586,78.40672,17.37103,78.47817,7.6,Night,Weekday,Low,Big-Car,1.04,07-01-2025 03:32,115.44,9.5,Yes,Ola
17.39366,78.41878,17.4454,78.47128,8.01,Afternoon,Weekend,Medium,Big-Car,1.22,19-01-2025 12:30,168.51,13.35,Yes,Ola
17.47555,78.47632,17.3818,78.47379,10.43,Night,Weekend,Low,AC-Car,1.02,11-01-2025 04:48,142.09,13.04,Yes,Ola
17.46357,78.41126,17.43996,78.47341,7.1,Morning,Weekday,High,Big-Car,1.98,01-01-2025 06:31,314.82,17.75,No,Ola
17.35786,78.41959,17.46632,78.541,17.65,Afternoon,Weekday,Low,AC-Car,1.05,09-01-2025 13:46,222.08,22.06,Yes,Ola
17.36633,78.51185,17.44007,78.52999,8.42,Morning,Weekday,Medium,AC-Car,1.45,21-01-2025 05:01,207.41,14.03,Yes,Ola
17.47767,78.45935,17.46852,78.40557,5.79,Night,Weekday,Low,Big-Car,1.04,09-01-2025 22:27,96.62,7.24,Yes,Ola
17.43487,78.46219,17.41302,78.48886,3.73,Evening,Weekday,High,AC-Car,1.84,08-01-2025 21:07,199.55,9.32,Yes,Ola
17.41325,78.45188,17.37276,78.48361,5.62,Afternoon,Weekday,Medium,Car,1.37,09-01-2025 15:16,149.93,9.37,Yes,Ola
17.38741,78.42769,17.47363,78.50242,12.44,Night,Weekday,Low,Big-Car,1.07,14-01-2025 03:43,170.56,15.55,Yes,Ola
17.4765,78.542,17.38673,78.52745,10.1,Evening,Weekday,High,AC-Car,1.7,29-01-2025 19:01,346.8,25.25,No,Ola
17.41308,78.40727,17.42272,78.51505,11.49,Afternoon,Weekday,Low,AC-Car,1.06,23-01-2025 16:04,158.89,14.36,Yes,Ola
17.42379,78.49257,17.40221,78.52424,4.13,Evening,Weekday,High,AC-Car,1.62,23-01-2025 18:35,185.41,10.32,Yes,Ola
17.46311,78.49644,17.46553,78.42402,7.69,Night,Weekday,Low,Car,1.08,27-01-2025 02:24,120.85,9.61,Yes,Ola
17.38666,78.4056,17.37339,78.4568,5.63,Night,Weekday,Low,AC-Car,1.01,10-01-2025 04:40,92.21,7.04,Yes,Ola
17.36016,78.45602,17.46863,78.52237,13.97,Evening,Weekday,High,AC-Car,1.77,20-01-2025 19:15,463.83,34.92,No,Ola
17.46941,78.47808,17.45857,78.40362,7.99,Evening,Weekday,High,Big-Car,1.6,08-01-2025 19:43,275.76,19.97,Yes,Ola
17.41854,78.50145,17.45472,78.41745,9.78,Night,Weekday,Low,Big-Car,1.07,03-01-2025 04:05,142.1,12.22,Yes,Ola
17.35911,78.51864,17.42741,78.41083,13.73,Night,Weekend,Low,Big-Car,1.05,05-01-2025 22:42,180.92,17.16,Yes,Ola
17.43035,78.49763,17.35599,78.5098,8.37,Afternoon,Weekday,Low,Car,1.07,17-01-2025 13:55,127.01,10.46,Yes,Ola
17.40091,78.49902,17.45703,78.44853,8.22,Afternoon,Weekday,Medium,Car,1.33,23-01-2025 14:03,187.05,13.7,Yes,Ola
17.35036,78.49196,17.42523,78.46397,8.84,Afternoon,Weekday,Low,AC-Car,1.01,17-01-2025 14:36,124.63,11.05,Yes,Ola
17.38465,78.45333,17.35098,78.44076,3.97,Morning,Weekday,Medium,Car,1.25,22-01-2025 07:55,112.05,6.62,Yes,Ola
17.4192,78.49325,17.4056,78.41786,8.14,Morning,Weekday,High,Car,1.84,07-01-2025 05:46,321.26,20.35,Yes,Ola
17.37709,78.5187,17.44787,78.43826,11.61,Morning,Weekday,High,Car,1.87,21-01-2025 08:50,423.84,29.02,No,Ola
17.35742,78.51646,17.43139,78.54218,8.67,Morning,Weekday,High,Big-Car,1.74,02-01-2025 06:23,317.64,21.67,Yes,Ola
17.35343,78.44884,17.362,78.49788,5.29,Afternoon,Weekday,Low,Big-Car,1.02,29-01-2025 16:31,89.66,6.61,Yes,Ola
17.37669,78.45035,17.42301,78.54531,11.32,Morning,Weekend,Medium,Car,1.37,04-01-2025 07:06,243.64,18.87,Yes,Ola
17.43345,78.40627,17.3531,78.45335,10.24,Morning,Weekday,Medium,Car,1.34,07-01-2025 09:07,220.94,17.07,Yes,Ola
17.45743,78.40899,17.36588,78.54469,17.63,Afternoon,Weekday,Medium,Big-Car,1.47,16-01-2025 14:13,372.73,29.38,Yes,Ola
17.43031,78.49143,17.46239,78.42655,7.75,Morning,Weekday,High,Car,1.95,10-01-2025 06:23,329.06,19.38,Yes,Ola
17.38004,78.46976,17.39849,78.54609,8.36,Evening,Weekday,High,AC-Car,1.85,28-01-2025 19:03,329.12,20.9,No,Ola
17.42874,78.50752,17.47162,78.48574,5.3,Night,Weekend,Low,AC-Car,1.05,19-01-2025 03:46,92.4,6.62,Yes,Ola
17.42119,78.4742,17.38427,78.41631,7.39,Night,Weekday,Low,Car,1.08,17-01-2025 04:42,117.61,9.24,Yes,Ola
17.41774,78.54223,17.36119,78.53044,6.41,Morning,Weekday,High,Car,1.72,20-01-2025 11:05,255.68,16.02,Yes,Ola
17.35871,78.42481,17.36117,78.45769,3.5,Afternoon,Weekday,Low,Big-Car,1.03,10-01-2025 15:12,72.1,4.38,Yes,Ola
17.37199,78.43341,17.47893,78.40473,12.27,Night,Weekday,Low,Car,1.01,01-01-2025 23:47,159.28,15.34,Yes,Ola
17.43264,78.50121,17.42978,78.49851,0.43,Morning,Weekday,Medium,Big-Car,1.43,07-01-2025 06:01,67.44,0.72,Yes,Ola
17.40841,78.43214,17.46519,78.44093,6.38,Afternoon,Weekday,Medium,Car,1.25,17-01-2025 12:00,148.2,10.63,Yes,Ola
17.40826,78.41402,17.40574,78.45814,4.69,Night,Weekday,Low,AC-Car,1.02,10-01-2025 03:58,83.54,5.86,Yes,Ola
17.42077,78.53212,17.36766,78.41008,14.23,Night,Weekend,Low,AC-Car,1.02,05-01-2025 02:41,180.85,17.79,Yes,Ola
17.36812,78.42396,17.36559,78.51493,9.66,Afternoon,Weekday,Low,Big-Car,1,27-01-2025 16:14,131.6,12.07,Yes,Ola
17.39734,78.4832,17.43275,78.51117,4.93,Morning,Weekend,Medium,AC-Car,1.22,18-01-2025 10:37,123.42,8.22,Yes,Ola
17.47049,78.44669,17.39036,78.46903,9.22,Morning,Weekday,Medium,Big-Car,1.42,07-01-2025 06:07,216.75,15.37,Yes,Ola
17.44005,78.44107,17.46969,78.49414,6.52,Night,Weekday,Low,Car,1.08,01-01-2025 03:19,108.22,8.15,Yes,Ola
17.37236,78.46389,17.3528,78.54965,9.36,Evening,Weekend,High,Car,1.9,04-01-2025 17:22,366.51,23.4,Yes,Ola
17.41683,78.51728,17.45172,78.47995,5.54,Evening,Weekday,High,AC-Car,1.87,16-01-2025 21:44,253.57,13.85,Yes,Ola
17.36595,78.44287,17.40317,78.5022,7.53,Afternoon,Weekday,Medium,Big-Car,1.4,02-01-2025 12:17,185.3,12.55,Yes,Ola
17.39401,78.5096,17.44139,78.50683,5.28,Morning,Weekend,High,AC-Car,1.69,19-01-2025 08:53,222.57,13.2,Yes,Ola
17.47012,78.43259,17.44481,78.49791,7.48,Evening,Weekday,High,Car,1.91,15-01-2025 17:25,314.58,18.7,Yes,Ola
17.46808,78.46387,17.42315,78.47751,5.2,Night,Weekday,Low,Car,1.07,21-01-2025 03:51,93.09,6.5,Yes,Ola
17.44085,78.44777,17.3806,78.53058,11.05,Evening,Weekday,High,AC-Car,1.61,21-01-2025 17:02,351.38,27.62,No,Ola
17.43269,78.50402,17.45804,78.4673,4.81,Evening,Weekday,High,Car,1.94,03-01-2025 19:15,241.82,12.02,No,Ola
17.3911,78.49187,17.41531,78.43349,6.75,Morning,Weekday,High,Car,1.94,14-01-2025 06:22,298.27,16.88,Yes,Ola
17.46256,78.42798,17.44457,78.44003,2.37,Night,Weekday,Low,Car,1.01,09-01-2025 00:09,59.29,2.96,Yes,Ola
17.45802,78.49619,17.43464,78.45748,4.86,Evening,Weekday,High,Car,1.82,13-01-2025 20:56,228.23,12.15,Yes,Ola
17.45366,78.43622,17.44627,78.42078,1.83,Morning,Weekday,High,Big-Car,1.61,22-01-2025 06:04,128.72,4.58,No,Ola
17.47245,78.46641,17.47565,78.44746,2.04,Evening,Weekday,High,Car,1.8,06-01-2025 18:36,149.58,5.1,Yes,Ola
17.413,78.5341,17.38719,78.48924,5.56,Morning,Weekend,High,Car,1.53,05-01-2025 11:08,207.93,13.9,Yes,Ola
17.3729,78.48861,17.42325,78.52132,6.59,Night,Weekday,Low,Big-Car,1.01,17-01-2025 23:42,101.91,8.24,Yes,Ola
17.42351,78.52126,17.44803,78.52909,2.85,Morning,Weekend,High,Car,1.61,19-01-2025 11:54,153.35,7.12,Yes,Ola
17.39965,78.47949,17.43742,78.45534,4.92,Morning,Weekday,Medium,Big-Car,1.46,22-01-2025 05:51,147.52,8.2,Yes,Ola
17.44488,78.46382,17.42215,78.49436,4.11,Morning,Weekday,Medium,Car,1.27,16-01-2025 05:11,115.98,6.85,Yes,Ola
17.40714,78.48129,17.39919,78.54817,7.15,Night,Weekday,Low,AC-Car,1.07,28-01-2025 00:41,113.96,8.94,Yes,Ola
17.44188,78.5361,17.38269,78.5258,6.67,Morning,Weekend,High,Car,1.53,11-01-2025 11:08,233.4,16.67,No,Ola
17.36143,78.4079,17.37328,78.49115,8.93,Morning,Weekday,High,AC-Car,1.93,21-01-2025 11:34,359.85,22.32,No,Ola
17.40628,78.44563,17.46071,78.44131,6.07,Night,Weekend,Low,Car,1.09,25-01-2025 02:35,104.31,7.59,Yes,Ola
17.35616,78.46575,17.46908,78.49809,13.02,Night,Weekday,Low,Car,1.06,02-01-2025 00:43,175.11,16.27,Yes,Ola
17.41857,78.54024,17.4252,78.52355,1.92,Evening,Weekday,High,Car,1.78,28-01-2025 19:23,144.71,4.8,No,Ola
17.45923,78.54686,17.46492,78.53542,1.37,Afternoon,Weekday,Medium,Car,1.28,08-01-2025 16:17,74.8,2.28,Yes,Ola
17.45958,78.41365,17.40354,78.49771,10.88,Night,Weekday,Low,Car,1.08,03-01-2025 00:13,155.3,13.6,Yes,Ola
17.45174,78.50657,17.43773,78.42953,8.32,Night,Weekday,Low,Car,1.07,10-01-2025 04:38,126.47,10.4,Yes,Ola
17.43467,78.49642,17.41319,78.54128,5.33,Morning,Weekday,High,Car,1.79,15-01-2025 08:38,237.09,13.32,Yes,Ola
17.44945,78.51462,17.37541,78.42871,12.28,Night,Weekday,Low,Big-Car,1.02,02-01-2025 02:30,160.96,15.35,Yes,Ola
17.40663,78.54457,17.41812,78.44686,10.45,Night,Weekday,Low,Car,1.07,20-01-2025 00:00,149.27,13.06,Yes,Ola
17.35731,78.52159,17.43757,78.41092,14.75,Night,Weekend,Low,Car,1.08,19-01-2025 03:29,197.1,18.44,Yes,Ola
17.41763,78.51427,17.37074,78.45597,8.09,Night,Weekday,Low,AC-Car,1.05,20-01-2025 22:17,121.7,10.11,Yes,Ola
17.45448,78.53133,17.3594,78.52023,10.64,Morning,Weekday,Medium,Big-Car,1.29,23-01-2025 08:06,218.89,17.73,Yes,Ola
17.41239,78.42096,17.42016,78.43083,1.36,Afternoon,Weekday,Medium,AC-Car,1.3,02-01-2025 16:47,75.82,2.27,Yes,Ola
17.46159,78.49928,17.38044,78.47788,9.3,Morning,Weekday,High,Car,1.94,27-01-2025 05:26,372.48,23.25,Yes,Ola
17.38314,78.41654,17.43028,78.52158,12.32,Evening,Weekday,High,Big-Car,1.71,08-01-2025 20:06,405.78,30.8,No,Ola
17.35201,78.49449,17.36397,78.40836,9.24,Evening,Weekday,High,Big-Car,1.72,30-01-2025 17:08,328.69,23.1,No,Ola
17.45283,78.4288,17.47765,78.41712,3.03,Night,Weekday,Low,Car,1.02,06-01-2025 22:38,66.61,3.79,Yes,Ola
17.44987,78.51929,17.45913,78.51942,1.03,Night,Weekday,Low,Car,1.09,29-01-2025 23:02,49.38,1.29,Yes,Ola
17.44602,78.54283,17.43196,78.53635,1.71,Night,Weekday,Low,Car,1.02,17-01-2025 22:39,53.14,2.14,Yes,Ola
17.36281,78.49941,17.47632,78.42952,14.64,Night,Weekday,Low,Big-Car,1.03,16-01-2025 23:37,186.84,18.3,Yes,Ola
17.42387,78.50183,17.35899,78.44377,9.49,Night,Weekday,Low,Car,1.08,06-01-2025 22:38,140.29,11.86,Yes,Ola
17.46855,78.44356,17.47039,78.50889,6.93,Afternoon,Weekday,Medium,Big-Car,1.35,01-01-2025 13:15,168.97,11.55,Yes,Ola
17.35792,78.53834,17.46445,78.47182,13.79,Afternoon,Weekend,Low,AC-Car,1.02,11-01-2025 12:44,176.36,17.24,Yes,Ola
17.45183,78.45286,17.44099,78.51739,6.95,Night,Weekday,Low,AC-Car,1.07,30-01-2025 01:10,111.82,8.69,Yes,Ola
17.44281,78.47726,17.42089,78.48521,2.58,Night,Weekday,Low,Car,1.05,21-01-2025 23:32,63.84,3.23,Yes,Ola
17.44613,78.52547,17.46902,78.47195,6.22,Afternoon,Weekday,Low,AC-Car,1.02,09-01-2025 16:16,99.14,7.77,Yes,Ola
17.43907,78.50027,17.44833,78.4822,2.18,Night,Weekday,Low,Big-Car,1.01,07-01-2025 22:00,57.37,2.73,Yes,Ola
17.39065,78.49874,17.41864,78.52102,3.91,Afternoon,Weekend,Low,AC-Car,1,11-01-2025 14:54,74.1,4.89,Yes,Ola
17.39672,78.45136,17.3815,78.53479,9.01,Morning,Weekday,High,Car,1.55,10-01-2025 11:13,290.86,22.52,Yes,Ola
17.47951,78.51908,17.4781,78.44299,8.07,Afternoon,Weekday,Low,AC-Car,1.01,22-01-2025 13:33,116.86,10.09,Yes,Ola
17.45375,78.44385,17.38155,78.41457,8.61,Evening,Weekend,High,Car,1.75,18-01-2025 20:31,317.89,21.52,Yes,Ola
17.39431,78.40509,17.39127,78.52745,12.99,Morning,Weekday,High,AC-Car,1.64,15-01-2025 10:33,405.65,32.48,Yes,Ola
17.46198,78.46093,17.41201,78.54429,10.44,Evening,Weekend,High,Big-Car,1.62,05-01-2025 21:06,338.74,26.1,No,Ola
17.39433,78.48503,17.46452,78.49017,7.82,Morning,Weekday,Medium,Big-Car,1.31,21-01-2025 06:19,177.95,13.03,Yes,Ola
17.39943,78.54438,17.43123,78.52381,4.16,Evening,Weekday,High,Car,1.73,20-01-2025 21:08,198.78,10.4,Yes,Ola
17.38719,78.49489,17.4766,78.50821,10.04,Evening,Weekday,High,AC-Car,1.97,13-01-2025 18:57,400.11,25.1,No,Ola
17.46107,78.46706,17.43211,78.44242,4.15,Night,Weekday,Low,Car,1.05,22-01-2025 00:23,80.33,5.19,Yes,Ola
17.39616,78.45207,17.38593,78.42931,2.67,Afternoon,Weekday,Medium,AC-Car,1.46,24-01-2025 15:00,108.1,4.45,Yes,Ola
17.37657,78.49069,17.40377,78.4915,3.03,Night,Weekday,Low,AC-Car,1.06,17-01-2025 01:52,69.22,3.79,Yes,Ola
17.35239,78.4464,17.4529,78.50934,13.02,Night,Weekday,Low,AC-Car,1.02,15-01-2025 04:48,168.5,16.27,Yes,Ola
17.36706,78.43432,17.45425,78.47455,10.59,Morning,Weekday,High,AC-Car,1.86,09-01-2025 09:16,393.11,26.47,Yes,Ola
17.39657,78.53978,17.40847,78.49954,4.47,Morning,Weekday,High,Car,1.58,30-01-2025 10:27,188.89,11.17,No,Ola
17.38258,78.54817,17.36284,78.50513,5.07,Afternoon,Weekend,Medium,Big-Car,1.42,25-01-2025 12:50,146.03,8.45,Yes,Ola
17.38943,78.48665,17.40562,78.41539,7.77,Night,Weekend,Low,Car,1.1,12-01-2025 00:03,123.97,9.71,Yes,Ola
17.42873,78.40105,17.39414,78.538,15.03,Evening,Weekend,High,AC-Car,1.75,04-01-2025 18:03,486.41,37.57,No,Ola
17.43186,78.51083,17.44098,78.46912,4.54,Night,Weekday,Low,AC-Car,1,13-01-2025 02:50,80.4,5.67,Yes,Ola
17.40302,78.42489,17.45753,78.4135,6.18,Morning,Weekday,Medium,Big-Car,1.39,20-01-2025 06:31,161.46,10.3,Yes,Ola
17.47191,78.52003,17.44794,78.52105,2.67,Night,Weekday,Low,Big-Car,1.08,08-01-2025 00:46,66.64,3.34,Yes,Ola
17.42422,78.43205,17.44098,78.52515,10.05,Night,Weekday,Low,Big-Car,1.06,29-01-2025 01:09,143.63,12.56,Yes,Ola
17.37384,78.50726,17.37771,78.51037,0.54,Afternoon,Weekday,Medium,Car,1.41,28-01-2025 14:40,68.36,0.9,Yes,Ola
17.46899,78.47983,17.35049,78.42352,14.47,Morning,Weekday,Medium,AC-Car,1.44,06-01-2025 07:36,310.52,24.12,Yes,Ola
17.46595,78.4123,17.40035,78.53751,15.15,Morning,Weekday,Medium,Big-Car,1.23,06-01-2025 10:53,275.27,25.25,Yes,Ola
17.45113,78.51142,17.40599,78.45256,8.01,Night,Weekday,Low,Car,1.04,20-01-2025 00:47,119.7,10.01,Yes,Ola
17.37724,78.52483,17.42658,78.44862,9.77,Morning,Weekday,Medium,Big-Car,1.34,16-01-2025 05:11,213.38,16.28,Yes,Ola
17.38771,78.49609,17.41606,78.40822,9.84,Night,Weekday,Low,Big-Car,1.07,22-01-2025 02:07,142.74,12.3,Yes,Ola
17.47613,78.52589,17.40286,78.52077,8.17,Afternoon,Weekday,Low,AC-Car,1.07,07-01-2025 12:15,124.87,10.21,Yes,Ola
17.38655,78.51371,17.35028,78.52206,4.13,Evening,Weekday,High,Car,1.56,17-01-2025 18:43,178.54,10.32,Yes,Ola
17.4716,78.53434,17.35034,78.52366,13.53,Afternoon,Weekday,Low,Car,1.04,08-01-2025 13:32,177.11,16.91,Yes,Ola
17.385,78.4948,17.39389,78.52984,3.85,Morning,Weekday,Medium,AC-Car,1.49,28-01-2025 07:01,131.42,6.42,Yes,Ola
17.37492,78.43564,17.36895,78.41081,2.72,Morning,Weekend,Medium,Big-Car,1.33,12-01-2025 05:20,99.27,4.53,Yes,Ola
17.41741,78.52884,17.43638,78.46018,7.58,Morning,Weekday,High,Car,1.65,30-01-2025 09:24,274.23,18.95,Yes,Ola
17.36289,78.48665,17.41829,78.53129,7.77,Afternoon,Weekday,Medium,Big-Car,1.48,01-01-2025 16:46,200.16,12.95,Yes,Ola
17.39195,78.54474,17.3872,78.47127,7.81,Night,Weekday,Low,Car,1,03-01-2025 02:25,113.1,9.76,Yes,Ola
17.36225,78.45228,17.35745,78.48226,3.23,Evening,Weekday,High,AC-Car,1.87,23-01-2025 19:53,188.78,8.07,No,Ola
17.38512,78.40594,17.37014,78.54604,14.96,Morning,Weekday,Medium,Big-Car,1.23,30-01-2025 09:13,272.47,24.93,Yes,Ola
17.38647,78.51689,17.37485,78.53468,2.29,Afternoon,Weekday,Medium,AC-Car,1.27,23-01-2025 14:22,88.24,3.82,Yes,Ola
17.41909,78.45858,17.41203,78.53229,7.86,Night,Weekday,Low,AC-Car,1.01,06-01-2025 02:10,114.74,9.82,Yes,Ola
17.43535,78.4394,17.4149,78.42613,2.67,Evening,Weekday,High,Big-Car,1.96,10-01-2025 20:44,181.4,6.67,No,Ola
17.36907,78.50483,17.40925,78.52934,5.17,Night,Weekday,Low,AC-Car,1,24-01-2025 22:08,86.7,6.46,Yes,Ola
17.42229,78.46239,17.42763,78.42912,3.58,Night,Weekday,Low,Big-Car,1.03,22-01-2025 23:26,72.92,4.47,Yes,Ola
17.38864,78.5081,17.35751,78.53623,4.57,Evening,Weekday,High,Big-Car,1.61,15-01-2025 18:56,194.89,11.43,Yes,Ola
17.36743,78.42579,17.42814,78.47813,8.74,Afternoon,Weekday,Medium,Big-Car,1.33,17-01-2025 12:34,195.35,14.57,Yes,Ola
17.40788,78.49693,17.40444,78.50565,1,Afternoon,Weekday,Medium,Car,1.31,09-01-2025 14:49,70.74,1.67,Yes,Ola
17.43206,78.50837,17.47039,78.40541,11.72,Evening,Weekday,High,Car,1.65,01-01-2025 17:53,376.69,29.3,Yes,Ola
17.3598,78.40445,17.37704,78.49008,9.29,Night,Weekday,Low,Car,1.08,17-01-2025 01:10,138.13,11.61,Yes,Ola
17.44517,78.44015,17.43511,78.53298,9.91,Night,Weekday,Low,Car,1.08,02-01-2025 22:58,144.83,12.39,Yes,Ola
17.40162,78.44048,17.45545,78.50375,8.99,Afternoon,Weekday,Medium,AC-Car,1.28,28-01-2025 15:17,191.85,14.98,Yes,Ola
17.47267,78.41469,17.46922,78.51589,10.74,Night,Weekend,Low,AC-Car,1,04-01-2025 22:44,142.4,13.42,Yes,Ola
17.46583,78.47608,17.45092,78.48974,2.2,Morning,Weekday,Medium,AC-Car,1.41,21-01-2025 11:27,96.44,3.67,Yes,Ola
17.39423,78.46876,17.47477,78.46257,8.98,Evening,Weekday,High,Car,1.65,23-01-2025 19:41,308.88,22.45,No,Ola
17.39831,78.44021,17.39425,78.53227,9.78,Night,Weekday,Low,Car,1.09,08-01-2025 01:41,144.75,12.22,Yes,Ola
17.45505,78.51734,17.43083,78.42443,10.22,Evening,Weekday,High,AC-Car,1.7,06-01-2025 20:48,349.86,25.55,Yes,Ola
17.43585,78.44774,17.4013,78.45498,3.92,Afternoon,Weekend,Low,Car,1.06,04-01-2025 14:28,78.65,4.9,Yes,Ola
17.44217,78.5231,17.4143,78.50774,3.5,Morning,Weekday,High,Car,1.58,15-01-2025 09:54,165.9,8.75,No,Ola
17.42007,78.40614,17.43681,78.45113,5.12,Night,Weekday,Low,AC-Car,1.04,06-01-2025 02:10,89.65,6.4,Yes,Ola
17.42936,78.50854,17.47346,78.50271,4.94,Morning,Weekday,Medium,Car,1.28,17-01-2025 07:09,129.64,8.23,Yes,Ola
17.434,78.46131,17.40901,78.47516,3.14,Morning,Weekday,Medium,Car,1.45,08-01-2025 08:38,115.54,5.23,Yes,Ola
17.42349,78.45971,17.38145,78.48883,5.6,Evening,Weekday,High,Big-Car,1.92,21-01-2025 19:05,262.08,14,Yes,Ola
17.37882,78.52316,17.47215,78.42976,14.35,Evening,Weekday,High,Big-Car,1.89,22-01-2025 20:44,506.05,35.88,Yes,Ola
17.45855,78.47271,17.37688,78.48711,9.21,Morning,Weekday,High,Car,1.73,16-01-2025 05:51,329.82,23.03,No,Ola
17.42872,78.41391,17.43366,78.53074,12.41,Evening,Weekday,High,Car,1.92,13-01-2025 18:23,458.21,31.02,Yes,Ola
17.4723,78.40234,17.3917,78.45254,10.43,Evening,Weekday,High,AC-Car,1.77,13-01-2025 20:27,369.84,26.07,Yes,Ola
17.43038,78.5345,17.41074,78.4164,12.72,Evening,Weekday,High,AC-Car,1.61,21-01-2025 19:49,391.71,31.8,No,Ola
17.40062,78.45563,17.35899,78.54861,10.9,Afternoon,Weekday,Medium,AC-Car,1.24,27-01-2025 15:28,214.27,18.17,Yes,Ola
17.38426,78.54012,17.47358,78.51353,10.32,Evening,Weekend,High,Car,1.61,04-01-2025 18:51,333.75,25.8,No,Ola
17.44595,78.51197,17.41913,78.44114,8.08,Afternoon,Weekday,Low,Car,1.01,10-01-2025 12:36,116.96,10.1,Yes,Ola
17.42997,78.44615,17.43437,78.49866,5.59,Night,Weekday,Low,AC-Car,1.06,14-01-2025 22:49,96.35,6.99,Yes,Ola
17.42554,78.5256,17.45608,78.5283,3.41,Morning,Weekday,High,Big-Car,1.87,17-01-2025 07:21,193.83,8.53,Yes,Ola
17.42944,78.40701,17.39572,78.46872,7.55,Night,Weekday,Low,Big-Car,1.02,16-01-2025 00:16,112.71,9.44,Yes,Ola
17.40356,78.45858,17.45899,78.54669,11.2,Morning,Weekday,High,Big-Car,1.62,03-01-2025 05:38,357.21,28,Yes,Ola
17.38619,78.53536,17.37071,78.52869,1.86,Evening,Weekday,High,Big-Car,1.68,07-01-2025 21:39,135.07,4.65,Yes,Ola
17.43919,78.53221,17.38202,78.54754,6.56,Night,Weekday,Low,Car,1.06,01-01-2025 23:00,106.64,8.2,Yes,Ola
17.38531,78.48502,17.40929,78.48396,2.67,Morning,Weekday,Medium,Big-Car,1.2,16-01-2025 10:02,88.85,4.45,Yes,Ola
17.37594,78.50975,17.42987,78.51554,6.03,Evening,Weekday,High,AC-Car,1.88,03-01-2025 20:31,268.75,15.07,Yes,Ola
17.35985,78.49938,17.45064,78.41505,13.49,Morning,Weekday,Medium,Car,1.32,07-01-2025 05:09,269.12,22.48,Yes,Ola
17.3693,78.48584,17.46765,78.51116,11.26,Evening,Weekend,High,AC-Car,1.78,19-01-2025 20:43,394.09,28.15,Yes,Ola
17.41657,78.54404,17.35049,78.44292,13.01,Night,Weekday,Low,AC-Car,1.02,16-01-2025 03:10,168.4,16.26,Yes,Ola
17.4314,78.51315,17.36369,78.53774,7.97,Afternoon,Weekday,Low,Car,1,03-01-2025 16:19,114.7,9.96,Yes,Ola
17.39254,78.54852,17.42572,78.54147,3.76,Morning,Weekday,Medium,AC-Car,1.4,01-01-2025 05:33,121.97,6.27,Yes,Ola
17.44565,78.44779,17.44167,78.52558,8.26,Night,Weekday,Low,AC-Car,1.09,28-01-2025 00:37,128.18,10.32,Yes,Ola
17.47084,78.53379,17.47249,78.45635,8.22,Morning,Weekday,High,Car,1.78,16-01-2025 06:11,312.92,20.55,Yes,Ola
17.37023,78.43561,17.43267,78.41533,7.27,Night,Weekday,Low,Big-Car,1,03-01-2025 00:27,107.7,9.09,Yes,Ola
17.46057,78.49851,17.47158,78.51467,2.11,Night,Weekday,Low,AC-Car,1.06,06-01-2025 23:44,59.47,2.64,Yes,Ola
17.47178,78.40577,17.36457,78.49867,15.47,Afternoon,Weekday,Low,AC-Car,1.1,07-01-2025 14:15,208.67,19.34,Yes,Ola
17.46101,78.51394,17.36285,78.53176,11.08,Afternoon,Weekend,Low,Car,1.1,05-01-2025 15:39,160.38,13.85,Yes,Ola
17.37881,78.52661,17.43206,78.40816,13.89,Morning,Weekend,Medium,Big-Car,1.29,26-01-2025 11:36,269.2,23.15,Yes,Ola
17.46706,78.5004,17.37745,78.49016,10.02,Night,Weekend,Low,AC-Car,1.06,12-01-2025 23:29,143.31,12.52,Yes,Ola
17.47203,78.52484,17.4772,78.53017,0.81,Morning,Weekday,High,Car,1.83,22-01-2025 05:22,118.31,2.02,No,Ola
17.39988,78.51892,17.37949,78.47549,5.14,Evening,Weekday,High,AC-Car,1.72,27-01-2025 18:12,222.91,12.85,No,Ola
17.4592,78.461,17.46053,78.52161,6.43,Morning,Weekday,High,Car,1.58,08-01-2025 06:32,235.34,16.07,Yes,Ola
17.44395,78.52416,17.36323,78.46263,11.1,Evening,Weekday,High,AC-Car,1.62,08-01-2025 20:18,354.78,27.75,Yes,Ola
17.46621,78.41455,17.46957,78.43221,1.91,Afternoon,Weekend,Low,Car,1.05,05-01-2025 12:51,56.8,2.39,Yes,Ola
17.35349,78.41561,17.42044,78.43504,7.72,Afternoon,Weekday,Low,AC-Car,1.01,20-01-2025 14:01,113.32,9.65,Yes,Ola
17.41743,78.49448,17.39354,78.50545,2.9,Afternoon,Weekday,Medium,Car,1.23,30-01-2025 12:45,94.46,4.83,Yes,Ola
17.43748,78.50185,17.41578,78.4695,4.2,Morning,Weekday,Medium,Big-Car,1.26,13-01-2025 08:48,116.42,7,Yes,Ola
17.35245,78.4728,17.44368,78.4749,10.15,Morning,Weekday,Medium,Big-Car,1.31,16-01-2025 09:08,214.58,16.92,Yes,Ola
17.43058,78.4071,17.43227,78.45652,5.25,Evening,Weekday,High,Big-Car,1.75,09-01-2025 17:45,229.69,13.12,Yes,Ola
17.35394,78.47627,17.42243,78.53103,9.58,Morning,Weekday,High,AC-Car,1.72,16-01-2025 06:16,337.46,23.95,Yes,Ola
17.40762,78.49681,17.41135,78.52842,3.38,Evening,Weekday,High,AC-Car,1.93,20-01-2025 19:59,199.18,8.45,No,Ola
17.39313,78.50031,17.39419,78.46953,3.27,Night,Weekday,Low,AC-Car,1.08,08-01-2025 02:04,73.12,4.09,Yes,Ola
17.3687,78.50804,17.36713,78.48445,2.51,Night,Weekend,Low,Car,1.08,18-01-2025 00:32,64.91,3.14,Yes,Ola
17.36141,78.42637,17.35907,78.47954,5.65,Morning,Weekday,High,AC-Car,1.83,28-01-2025 10:59,251.17,14.12,Yes,Ola
17.35247,78.51766,17.46791,78.50035,12.97,Night,Weekday,Low,AC-Car,1.03,13-01-2025 04:36,169.64,16.21,Yes,Ola
17.38298,78.48624,17.3919,78.42422,6.66,Night,Weekend,Low,Big-Car,1.06,11-01-2025 22:04,107.7,8.32,Yes,Ola
17.3684,78.5252,17.44616,78.51647,8.7,Night,Weekday,Low,AC-Car,1.08,28-01-2025 03:45,131.76,10.87,Yes,Ola
17.47497,78.52257,17.40676,78.51372,7.64,Evening,Weekday,High,Car,1.78,09-01-2025 20:27,297.44,19.1,Yes,Ola
17.47338,78.45152,17.4668,78.48762,3.9,Evening,Weekday,High,AC-Car,1.73,17-01-2025 20:01,192.03,9.75,Yes,Ola
17.42378,78.46643,17.47695,78.46625,5.91,Evening,Weekday,High,Car,1.84,14-01-2025 17:01,259.72,14.78,Yes,Ola
17.39223,78.47931,17.39869,78.49265,1.59,Afternoon,Weekday,Low,Car,1.08,15-01-2025 15:32,54.97,1.99,Yes,Ola
17.36034,78.53535,17.43526,78.48964,9.64,Morning,Weekday,Medium,Car,1.47,29-01-2025 09:34,231.79,16.07,Yes,Ola
17.44889,78.45272,17.45934,78.41059,4.62,Afternoon,Weekend,Medium,AC-Car,1.36,05-01-2025 12:31,132.52,7.7,Yes,Ola
17.38717,78.45097,17.39092,78.4588,0.93,Morning,Weekend,High,AC-Car,1.63,25-01-2025 05:50,108.31,2.33,Yes,Ola
17.42683,78.48532,17.47444,78.54025,7.87,Afternoon,Weekday,Medium,Big-Car,1.21,28-01-2025 14:27,165.09,13.12,Yes,Ola
17.47521,78.40985,17.42442,78.49968,11.08,Evening,Weekday,High,Big-Car,1.5,29-01-2025 17:17,328.05,27.7,No,Ola
17.38063,78.45812,17.47175,78.41971,10.92,Evening,Weekday,High,Car,1.56,13-01-2025 17:27,337.43,27.3,No,Ola
17.38428,78.42066,17.43213,78.47916,8.18,Afternoon,Weekend,Low,Car,1.09,25-01-2025 16:26,127.31,10.22,Yes,Ola
17.37612,78.43226,17.41175,78.44005,4.05,Evening,Weekday,High,Car,1.65,29-01-2025 21:59,186.86,10.12,Yes,Ola
17.4557,78.46019,17.40657,78.46494,5.49,Evening,Weekday,High,Big-Car,1.85,20-01-2025 17:56,249.47,13.72,No,Ola
17.47825,78.44238,17.35798,78.41453,13.7,Night,Weekend,Low,Big-Car,1.08,26-01-2025 23:31,185.76,17.12,Yes,Ola
17.38529,78.41183,17.41282,78.42503,3.37,Night,Weekend,Low,Car,1.1,18-01-2025 23:24,75.57,4.21,Yes,Ola
17.40662,78.48958,17.409,78.4117,8.27,Evening,Weekday,High,Big-Car,1.88,08-01-2025 19:18,331.91,20.67,No,Ola
17.43886,78.53192,17.43651,78.54478,1.39,Morning,Weekday,Medium,Big-Car,1.29,02-01-2025 05:08,75.7,2.32,Yes,Ola
17.47696,78.4947,17.41245,78.49731,7.18,Afternoon,Weekday,Low,Big-Car,1.06,21-01-2025 15:01,113.21,8.97,Yes,Ola
17.40996,78.51726,17.35396,78.54335,6.81,Morning,Weekday,Medium,Car,1.46,22-01-2025 06:59,180.63,11.35,Yes,Ola
17.41732,78.45731,17.35882,78.47309,6.72,Night,Weekday,Low,Car,1.03,10-01-2025 04:30,105.27,8.4,Yes,Ola
17.41263,78.44726,17.42848,78.4757,3.49,Afternoon,Weekday,Medium,Big-Car,1.29,17-01-2025 16:06,108.21,5.82,Yes,Ola
17.45423,78.54236,17.38349,78.54378,7.87,Afternoon,Weekend,Low,AC-Car,1.09,05-01-2025 16:55,123.93,9.84,Yes,Ola
17.35364,78.51175,17.3545,78.52779,1.71,Evening,Weekday,High,AC-Car,1.93,13-01-2025 18:52,150.83,4.27,Yes,Ola
17.42379,78.43984,17.44041,78.41822,2.95,Night,Weekend,Low,AC-Car,1.02,05-01-2025 02:35,65.79,3.69,Yes,Ola
17.45443,78.53246,17.38714,78.4435,12.04,Morning,Weekday,High,Big-Car,1.84,30-01-2025 06:07,428.9,30.1,No,Ola
17.46421,78.43753,17.44232,78.45969,3.38,Evening,Weekday,High,Car,1.52,17-01-2025 21:15,156.86,8.45,Yes,Ola
17.41171,78.42122,17.43114,78.434,2.55,Night,Weekday,Low,AC-Car,1,08-01-2025 03:43,60.5,3.19,Yes,Ola
17.39832,78.53419,17.44076,78.45716,9.44,Afternoon,Weekend,Medium,Big-Car,1.37,12-01-2025 16:17,212.73,15.73,Yes,Ola
17.37087,78.54999,17.46686,78.49739,12.04,Night,Weekday,Low,Big-Car,1.05,06-01-2025 23:16,163.17,15.05,Yes,Ola
17.42665,78.53067,17.44314,78.45888,7.83,Morning,Weekday,Medium,Big-Car,1.44,15-01-2025 05:18,195.78,13.05,Yes,Ola
17.35392,78.48999,17.40473,78.50201,5.79,Afternoon,Weekend,Medium,AC-Car,1.29,11-01-2025 13:22,143.81,9.65,Yes,Ola
17.37575,78.51262,17.35949,78.44173,7.74,Evening,Weekday,High,Big-Car,1.66,27-01-2025 21:01,279.88,19.35,No,Ola
17.41156,78.46285,17.35555,78.4505,6.36,Afternoon,Weekend,Medium,AC-Car,1.37,25-01-2025 13:17,162.1,10.6,Yes,Ola
17.3671,78.41738,17.41534,78.42806,5.48,Night,Weekday,Low,Car,1.05,29-01-2025 22:00,94.29,6.85,Yes,Ola
17.38521,78.53656,17.42705,78.48348,7.31,Night,Weekday,Low,Car,1.05,14-01-2025 23:02,113.5,9.14,Yes,Ola
17.47602,78.51102,17.46043,78.48937,2.88,Night,Weekday,Low,AC-Car,1.01,02-01-2025 00:44,64.44,3.6,Yes,Ola
17.47861,78.49461,17.45482,78.46494,4.11,Afternoon,Weekend,Low,AC-Car,1.01,19-01-2025 13:27,76.86,5.14,Yes,Ola
17.47901,78.52982,17.42514,78.48112,7.91,Night,Weekday,Low,Car,1.08,03-01-2025 01:37,123.23,9.89,Yes,Ola
17.36954,78.41306,17.45919,78.45479,10.91,Morning,Weekday,High,Car,1.58,15-01-2025 08:42,341.52,27.27,Yes,Ola
17.44027,78.46158,17.44544,78.52409,6.66,Morning,Weekend,High,Big-Car,1.56,25-01-2025 08:24,237.74,16.65,Yes,Ola
17.36606,78.43725,17.39984,78.41357,4.52,Morning,Weekday,High,AC-Car,1.91,21-01-2025 08:39,229.77,11.3,No,Ola
17.35854,78.46158,17.3588,78.47981,1.93,Morning,Weekend,High,Big-Car,1.84,05-01-2025 08:03,149.87,4.82,No,Ola
17.43472,78.43456,17.35975,78.5411,14.05,Morning,Weekday,High,Big-Car,1.9,23-01-2025 06:40,500.17,35.12,No,Ola
17.39164,78.408,17.39638,78.54607,14.66,Morning,Weekday,Medium,AC-Car,1.32,13-01-2025 09:28,287.65,24.43,Yes,Ola
17.43121,78.52968,17.35865,78.41296,14.78,Morning,Weekend,High,Big-Car,1.68,12-01-2025 10:23,460.66,36.95,Yes,Ola
17.35502,78.49421,17.40804,78.44156,8.12,Night,Weekday,Low,Car,1.03,08-01-2025 23:51,119.69,10.15,Yes,Ola
17.36291,78.44049,17.40764,78.52877,10.61,Night,Weekend,Low,Big-Car,1.04,25-01-2025 01:06,146.74,13.26,Yes,Ola
17.41797,78.52242,17.44661,78.42574,10.74,Afternoon,Weekend,Medium,Big-Car,1.28,26-01-2025 13:30,218.73,17.9,Yes,Ola
17.43959,78.4016,17.45635,78.44361,4.83,Afternoon,Weekday,Medium,AC-Car,1.41,21-01-2025 16:21,140.94,8.05,Yes,Ola
17.44199,78.53767,17.42378,78.5039,4.12,Evening,Weekday,High,Car,1.81,22-01-2025 20:00,206.88,10.3,Yes,Ola
17.43426,78.51423,17.4622,78.44365,8.11,Night,Weekday,Low,AC-Car,1.01,06-01-2025 00:26,117.26,10.14,Yes,Ola
17.38116,78.40121,17.45839,78.47932,11.93,Night,Weekday,Low,AC-Car,1.02,22-01-2025 00:23,157.39,14.91,Yes,Ola
17.45571,78.44756,17.43983,78.54384,10.36,Evening,Weekday,High,AC-Car,1.68,14-01-2025 18:49,349.27,25.9,Yes,Ola
17.43899,78.53733,17.45074,78.40543,14.05,Night,Weekend,Low,AC-Car,1.08,19-01-2025 02:55,189.54,17.56,Yes,Ola
17.47619,78.48882,17.37816,78.43496,12.31,Morning,Weekend,Medium,Big-Car,1.43,19-01-2025 11:10,271.3,20.52,Yes,Ola
17.43148,78.52476,17.4007,78.51386,3.61,Night,Weekday,Low,Car,1.07,16-01-2025 01:30,76.08,4.51,Yes,Ola
17.36954,78.469,17.36463,78.40417,6.9,Afternoon,Weekday,Medium,AC-Car,1.34,13-01-2025 13:06,167.23,11.5,Yes,Ola
17.4259,78.40959,17.43191,78.54225,14.09,Evening,Weekday,High,AC-Car,1.6,02-01-2025 20:55,422.16,35.22,No,Ola
17.4115,78.46012,17.38854,78.53054,7.9,Night,Weekday,Low,Big-Car,1.02,15-01-2025 02:04,116.28,9.88,Yes,Ola
17.45004,78.40902,17.42825,78.47724,7.63,Morning,Weekday,Medium,Car,1.5,17-01-2025 07:24,200.34,12.72,Yes,Ola
17.35781,78.41887,17.46043,78.4255,11.43,Morning,Weekday,High,Big-Car,1.97,09-01-2025 05:37,441.18,28.57,Yes,Ola
17.37407,78.42716,17.47675,78.50733,14.24,Night,Weekday,Low,Car,1.09,10-01-2025 22:30,193.37,17.8,Yes,Ola
17.43167,78.54531,17.37594,78.46531,10.51,Morning,Weekday,Medium,Big-Car,1.48,03-01-2025 09:46,248.82,17.52,Yes,Ola
17.39622,78.48411,17.36479,78.42001,7.65,Afternoon,Weekday,Low,Car,1.02,29-01-2025 15:09,113.73,9.56,Yes,Ola
17.45784,78.47079,17.40707,78.51117,7.09,Morning,Weekend,High,Big-Car,1.51,11-01-2025 11:31,239.86,17.72,Yes,Ola
17.44959,78.5254,17.45659,78.49795,3.01,Morning,Weekday,Medium,Big-Car,1.44,10-01-2025 09:50,112.49,5.02,Yes,Ola
17.43209,78.5235,17.3531,78.45592,11.34,Morning,Weekday,Medium,Big-Car,1.26,20-01-2025 11:22,224.38,18.9,Yes,Ola
17.36523,78.49391,17.35635,78.45113,4.65,Morning,Weekday,High,Big-Car,1.85,07-01-2025 11:39,226.16,11.62,Yes,Ola
17.40437,78.42286,17.4474,78.53486,12.81,Morning,Weekday,High,Car,1.55,23-01-2025 11:01,379.21,32.02,Yes,Ola
17.43352,78.50246,17.38785,78.53018,5.87,Evening,Weekday,High,Car,1.92,20-01-2025 20:53,269.86,14.67,Yes,Ola
17.38828,78.4532,17.35018,78.45147,4.24,Evening,Weekday,High,Big-Car,1.72,06-01-2025 18:20,199.69,10.6,No,Ola
17.45943,78.50418,17.36917,78.53618,10.6,Evening,Weekday,High,AC-Car,1.99,02-01-2025 18:40,420.88,26.5,No,Ola
17.47243,78.48027,17.42325,78.50075,5.88,Night,Weekend,Low,AC-Car,1.09,26-01-2025 23:20,102.24,7.35,Yes,Ola
17.4687,78.4968,17.43447,78.40992,9.97,Morning,Weekday,High,AC-Car,1.82,06-01-2025 06:04,367.73,24.93,Yes,Ola
17.36686,78.51434,17.45565,78.50699,9.9,Night,Weekday,Low,Big-Car,1.05,24-01-2025 03:02,140.7,12.38,Yes,Ola
17.42195,78.46861,17.42113,78.53002,6.52,Evening,Weekday,High,Car,1.75,13-01-2025 19:29,263.02,16.3,Yes,Ola
17.43847,78.42528,17.42229,78.46068,4.16,Night,Weekday,Low,Car,1.01,07-01-2025 03:49,77.37,5.2,Yes,Ola
17.41803,78.53481,17.39191,78.51532,3.57,Night,Weekday,Low,Car,1.02,23-01-2025 03:43,72.11,4.46,Yes,Ola
17.39909,78.42477,17.45366,78.53109,12.81,Night,Weekday,Low,AC-Car,1.03,13-01-2025 00:53,167.99,16.01,Yes,Ola
17.36179,78.49986,17.4298,78.51594,7.75,Night,Weekend,Low,AC-Car,1.09,05-01-2025 03:16,122.63,9.69,Yes,Ola
17.47686,78.41535,17.36551,78.54369,18.4,Night,Weekend,Low,AC-Car,1.01,11-01-2025 04:07,221.19,23,Yes,Ola
17.36919,78.43577,17.45469,78.53485,14.17,Morning,Weekend,Medium,Big-Car,1.4,12-01-2025 08:48,296.86,23.62,Yes,Ola
17.37304,78.53783,17.4565,78.48883,10.64,Evening,Weekday,High,AC-Car,1.98,21-01-2025 17:04,419.96,26.6,Yes,Ola
17.41552,78.50379,17.41363,78.50098,0.36,Night,Weekend,Low,Car,1.05,18-01-2025 22:50,40.53,0.45,Yes,Ola
17.46944,78.5099,17.38877,78.46258,10.28,Morning,Weekday,High,AC-Car,1.9,17-01-2025 10:04,392.73,25.7,Yes,Ola
17.40037,78.42878,17.46825,78.44814,7.82,Night,Weekday,Low,AC-Car,1.09,21-01-2025 01:19,123.39,9.78,Yes,Ola
17.40749,78.46964,17.45009,78.50436,6,Morning,Weekday,Medium,AC-Car,1.26,06-01-2025 08:12,143.64,10,Yes,Ola
17.35533,78.47007,17.39186,78.46756,4.07,Night,Weekday,Low,Car,1.02,06-01-2025 02:08,77.21,5.09,Yes,Ola
17.45686,78.44816,17.38189,78.53187,12.18,Morning,Weekday,High,Car,1.89,08-01-2025 06:09,444.53,30.45,Yes,Ola
17.37921,78.41581,17.43741,78.54637,15.29,Night,Weekday,Low,Car,1.09,27-01-2025 00:07,204.81,19.11,Yes,Ola
17.35992,78.41686,17.37641,78.5184,10.93,Evening,Weekday,High,Car,1.74,08-01-2025 20:10,376.62,27.32,Yes,Ola
17.43064,78.4065,17.47745,78.5453,15.62,Evening,Weekday,High,Big-Car,1.71,03-01-2025 18:33,490.43,39.05,No,Ola
17.45514,78.49413,17.39294,78.49106,6.92,Evening,Weekday,High,Car,1.86,07-01-2025 19:40,290.72,17.3,No,Ola
17.44484,78.48903,17.38184,78.46773,7.36,Night,Weekday,Low,AC-Car,1.03,30-01-2025 00:07,111.86,9.2,Yes,Ola
17.35744,78.49974,17.41328,78.44873,8.24,Night,Weekend,Low,AC-Car,1.1,11-01-2025 23:04,129.14,10.3,Yes,Ola
17.3878,78.43981,17.44739,78.49637,8.94,Morning,Weekday,High,Big-Car,1.82,03-01-2025 11:41,339.61,22.35,No,Ola
17.42158,78.50181,17.37496,78.48099,5.64,Night,Weekday,Low,Car,1.01,29-01-2025 01:41,92.31,7.05,Yes,Ola
17.46881,78.49253,17.43555,78.40354,10.14,Night,Weekend,Low,Big-Car,1.01,26-01-2025 00:33,137.76,12.68,Yes,Ola
17.45847,78.54573,17.46775,78.45168,10.03,Night,Weekday,Low,Car,1.01,02-01-2025 23:58,136.65,12.54,Yes,Ola
17.37518,78.48544,17.43961,78.47061,7.34,Morning,Weekday,High,Car,1.86,27-01-2025 09:38,302.44,18.35,Yes,Ola
17.39217,78.486,17.41679,78.50148,3.19,Morning,Weekday,High,Big-Car,1.73,24-01-2025 08:10,173.61,7.97,No,Ola
17.4159,78.43199,17.45925,78.40552,5.58,Evening,Weekday,High,Car,1.61,10-01-2025 18:06,219.28,13.95,Yes,Ola
17.3611,78.43856,17.43618,78.41065,8.86,Afternoon,Weekday,Medium,Car,1.28,13-01-2025 15:15,189.85,14.77,Yes,Ola
17.46067,78.45743,17.37409,78.48095,9.95,Afternoon,Weekday,Low,Big-Car,1,14-01-2025 12:30,134.5,12.44,Yes,Ola
17.43739,78.47351,17.35402,78.44578,9.73,Afternoon,Weekend,Low,AC-Car,1.08,18-01-2025 13:06,142.88,12.16,Yes,Ola
17.36874,78.44421,17.4465,78.53852,13.22,Night,Weekday,Low,Big-Car,1.1,08-01-2025 01:59,183.92,16.52,Yes,Ola
17.42011,78.40798,17.35695,78.44674,8.14,Afternoon,Weekday,Medium,AC-Car,1.21,10-01-2025 16:11,169.01,13.57,Yes,Ola
17.40149,78.4979,17.46078,78.4738,7.07,Morning,Weekday,High,Car,1.69,03-01-2025 10:01,267.95,17.68,Yes,Ola
17.359,78.40668,17.47969,78.46765,14.9,Evening,Weekday,High,AC-Car,1.51,15-01-2025 21:18,416.76,37.25,No,Ola
17.41412,78.50562,17.4083,78.42704,8.36,Night,Weekday,Low,AC-Car,1.06,09-01-2025 00:35,125.72,10.45,Yes,Ola
17.39341,78.48932,17.37821,78.50297,2.23,Morning,Weekday,High,AC-Car,1.6,28-01-2025 09:18,137.52,5.57,No,Ola
17.3558,78.41486,17.46119,78.40866,11.74,Morning,Weekday,Medium,Car,1.35,09-01-2025 10:47,246.89,19.57,Yes,Ola
17.4609,78.43977,17.46778,78.49549,5.96,Night,Weekday,Low,Big-Car,1.02,28-01-2025 00:28,96.49,7.45,Yes,Ola
17.4227,78.47148,17.41191,78.47854,1.41,Night,Weekday,Low,Car,1.02,29-01-2025 22:57,50.08,1.76,Yes,Ola
17.46868,78.52043,17.41606,78.41694,12.44,Evening,Weekend,High,AC-Car,1.69,26-01-2025 20:25,404.08,31.1,Yes,Ola
17.43811,78.41134,17.37855,78.42135,6.71,Night,Weekday,Low,Big-Car,1.09,15-01-2025 02:19,111.29,8.39,Yes,Ola
17.37406,78.4934,17.36758,78.4225,7.56,Night,Weekend,Low,Car,1.07,05-01-2025 03:15,118.34,9.45,Yes,Ola
17.47969,78.477,17.414,78.41644,9.73,Morning,Weekend,Medium,Car,1.21,04-01-2025 10:36,192.1,16.22,Yes,Ola
17.45222,78.54539,17.42438,78.42506,13.14,Afternoon,Weekend,Low,Car,1.05,19-01-2025 16:38,174.72,16.43,Yes,Ola
17.40211,78.45371,17.43996,78.40893,6.35,Morning,Weekend,High,Car,1.57,12-01-2025 06:55,231.97,15.87,No,Ola
17.42533,78.47314,17.38976,78.50151,4.97,Morning,Weekend,High,AC-Car,1.56,11-01-2025 09:03,198.2,12.42,Yes,Ola
17.38727,78.54842,17.47493,78.42486,16.34,Afternoon,Weekday,Low,AC-Car,1.01,23-01-2025 15:21,200.38,20.42,Yes,Ola
17.37905,78.43547,17.39871,78.5421,11.52,Morning,Weekend,Medium,Car,1.49,04-01-2025 07:50,268.56,19.2,Yes,Ola
17.40349,78.423,17.41094,78.42372,0.83,Afternoon,Weekday,Medium,AC-Car,1.39,01-01-2025 14:09,72.22,1.38,Yes,Ola
17.46256,78.40606,17.41526,78.40765,5.26,Night,Weekday,Low,Car,1.08,03-01-2025 04:37,94.61,6.57,Yes,Ola
17.44369,78.40609,17.38612,78.43048,6.9,Evening,Weekday,High,AC-Car,1.55,24-01-2025 18:15,241.8,17.25,Yes,Ola
17.47869,78.53718,17.36065,78.41189,18.68,Afternoon,Weekday,Medium,AC-Car,1.28,16-01-2025 14:42,340.68,31.13,Yes,Ola
17.3879,78.43301,17.42251,78.46188,4.92,Afternoon,Weekday,Medium,Car,1.4,15-01-2025 13:06,141.46,8.2,Yes,Ola
17.42667,78.41372,17.39092,78.47996,8.07,Evening,Weekday,High,Car,1.53,02-01-2025 18:08,265.53,20.18,Yes,Ola
17.41058,78.52498,17.39121,78.53038,2.23,Evening,Weekday,High,Car,1.61,22-01-2025 18:05,138.38,5.57,Yes,Ola
17.36807,78.5128,17.38189,78.47924,3.88,Night,Weekday,Low,Car,1.07,29-01-2025 23:00,78.97,4.85,Yes,Ola
17.40006,78.44217,17.39283,78.44324,0.81,Night,Weekend,Low,AC-Car,1.08,25-01-2025 01:26,46.55,1.01,Yes,Ola
17.4116,78.45788,17.39304,78.5423,9.19,Afternoon,Weekday,Low,AC-Car,1.08,03-01-2025 16:03,137.05,11.49,Yes,Ola
17.37503,78.46343,17.47912,78.494,12.02,Night,Weekend,Low,AC-Car,1.09,18-01-2025 00:14,169.17,15.02,Yes,Ola
17.43558,78.45158,17.37189,78.46646,7.26,Night,Weekday,Low,Car,1.02,01-01-2025 02:09,109.75,9.07,Yes,Ola
17.36556,78.48308,17.47107,78.52289,12.47,Morning,Weekday,Medium,Big-Car,1.21,10-01-2025 11:24,231.88,20.78,Yes,Ola
17.46385,78.41966,17.4258,78.41841,4.23,Morning,Weekday,High,AC-Car,1.77,27-01-2025 10:14,205.23,10.58,Yes,Ola
17.40605,78.44616,17.39474,78.53289,9.29,Night,Weekend,Low,AC-Car,1.01,19-01-2025 03:58,129.18,11.61,Yes,Ola
17.47207,78.543,17.41595,78.48238,8.96,Evening,Weekday,High,Car,1.58,06-01-2025 19:04,295.3,22.4,No,Ola
17.43099,78.45997,17.43387,78.44068,2.07,Afternoon,Weekday,Low,Big-Car,1.05,03-01-2025 14:48,58.49,2.59,Yes,Ola
17.42777,78.48293,17.39334,78.4095,8.68,Evening,Weekday,High,AC-Car,1.68,07-01-2025 17:49,306.94,21.7,Yes,Ola
17.41225,78.4545,17.45536,78.48543,5.81,Night,Weekday,Low,Car,1.08,22-01-2025 22:17,100.55,7.26,Yes,Ola
17.39488,78.43084,17.35354,78.49589,8.29,Night,Weekend,Low,AC-Car,1.04,04-01-2025 04:08,122.62,10.36,Yes,Ola
17.38746,78.43538,17.41186,78.53571,10.99,Morning,Weekday,High,Big-Car,1.68,01-01-2025 07:38,365.15,27.47,Yes,Ola
17.37616,78.53999,17.46986,78.53393,10.44,Morning,Weekday,Medium,Big-Car,1.43,03-01-2025 08:36,239.21,17.4,Yes,Ola
17.35356,78.54055,17.45411,78.48473,12.65,Morning,Weekday,High,Car,1.63,02-01-2025 10:03,394.87,31.62,No,Ola
17.44233,78.47028,17.3668,78.44733,8.74,Night,Weekend,Low,Car,1,18-01-2025 23:54,122.4,10.92,Yes,Ola
17.35046,78.4785,17.47159,78.50259,13.71,Night,Weekday,Low,AC-Car,1.08,09-01-2025 04:55,185.87,17.14,Yes,Ola
17.39539,78.51936,17.38151,78.43225,9.37,Night,Weekday,Low,Car,1.04,16-01-2025 02:37,133.85,11.71,Yes,Ola
17.37879,78.5069,17.35327,78.44573,7.08,Evening,Weekend,High,Big-Car,1.52,04-01-2025 17:38,241.22,17.7,No,Ola
17.4151,78.52365,17.40557,78.49102,3.62,Morning,Weekend,Medium,Car,1.24,05-01-2025 05:26,105.95,6.03,Yes,Ola
17.4598,78.43387,17.38086,78.47676,9.89,Evening,Weekday,High,Big-Car,1.76,27-01-2025 18:38,353.5,24.73,Yes,Ola
17.3715,78.48093,17.41128,78.45972,4.96,Evening,Weekend,High,Car,1.75,04-01-2025 19:13,222.07,12.4,Yes,Ola
17.40228,78.47046,17.35317,78.49243,5.94,Afternoon,Weekday,Low,AC-Car,1.03,30-01-2025 13:33,97.23,7.42,Yes,Ola
17.47945,78.42534,17.36245,78.47814,14.16,Night,Weekend,Low,AC-Car,1.09,11-01-2025 03:21,192.49,17.7,Yes,Ola
17.36331,78.45438,17.45884,78.40688,11.76,Morning,Weekday,Medium,Car,1.38,24-01-2025 07:36,252.71,19.6,Yes,Ola
17.44289,78.48933,17.47667,78.46006,4.87,Afternoon,Weekday,Medium,Car,1.34,17-01-2025 14:12,134.59,8.12,Yes,Ola
17.38833,78.44725,17.35562,78.52268,8.79,Afternoon,Weekday,Medium,Big-Car,1.33,17-01-2025 12:27,196.15,14.65,Yes,Ola
17.47005,78.47402,17.38262,78.53062,11.43,Afternoon,Weekend,Low,Car,1.09,26-01-2025 15:49,162.74,14.29,Yes,Ola
17.35318,78.46957,17.42996,78.43256,9.4,Afternoon,Weekday,Medium,Big-Car,1.23,02-01-2025 13:20,190.4,15.67,Yes,Ola
17.40578,78.52446,17.35544,78.49864,6.23,Evening,Weekday,High,Big-Car,1.77,06-01-2025 21:18,258.33,15.58,Yes,Ola
17.43833,78.43966,17.45307,78.41855,2.78,Night,Weekday,Low,Big-Car,1.04,29-01-2025 02:04,65.31,3.47,Yes,Ola
17.43707,78.42908,17.35969,78.47891,10.1,Morning,Weekend,Medium,AC-Car,1.41,11-01-2025 09:53,230.11,16.83,Yes,Ola
17.44202,78.52459,17.45162,78.44369,8.65,Evening,Weekday,High,AC-Car,1.97,27-01-2025 17:38,359.03,21.62,Yes,Ola
17.39214,78.48912,17.39487,78.52765,4.1,Night,Weekday,Low,Car,1.05,24-01-2025 01:14,79.8,5.12,Yes,Ola
17.39919,78.5487,17.3715,78.48108,7.81,Evening,Weekday,High,AC-Car,1.63,13-01-2025 21:14,276.53,19.52,Yes,Ola
17.43448,78.4075,17.36976,78.465,9.43,Afternoon,Weekday,Low,AC-Car,1.08,30-01-2025 15:29,139.64,11.79,Yes,Ola
17.38709,78.51278,17.38942,78.51267,0.26,Night,Weekday,Low,AC-Car,1.03,17-01-2025 02:02,38.73,0.33,Yes,Ola
17.46902,78.50007,17.4096,78.4351,9.55,Morning,Weekday,High,Big-Car,1.94,10-01-2025 06:35,379.75,23.88,Yes,Ola
17.35541,78.4516,17.47336,78.50711,14.38,Night,Weekday,Low,Car,1.04,27-01-2025 03:34,185.95,17.98,Yes,Ola
17.45693,78.5142,17.40024,78.41539,12.23,Night,Weekend,Low,AC-Car,1.05,25-01-2025 04:37,165.17,15.29,Yes,Ola
17.40928,78.52442,17.40265,78.45299,7.61,Night,Weekday,Low,Big-Car,1.01,22-01-2025 02:56,112.21,9.51,Yes,Ola
17.47531,78.43253,17.37253,78.42238,11.48,Morning,Weekday,Medium,Car,1.26,30-01-2025 05:10,226.5,19.13,Yes,Ola
17.40521,78.41253,17.45246,78.52413,12.95,Afternoon,Weekend,Medium,AC-Car,1.26,04-01-2025 12:51,248.72,21.58,Yes,Ola
17.41394,78.45301,17.47873,78.54186,11.86,Night,Weekday,Low,Big-Car,1.06,15-01-2025 03:33,162.82,14.82,Yes,Ola
17.3787,78.4261,17.4298,78.45593,6.5,Evening,Weekend,High,Big-Car,1.95,05-01-2025 20:07,292.5,16.25,No,Ola
17.464,78.41068,17.45656,78.40399,1.09,Night,Weekend,Low,Car,1.07,18-01-2025 02:01,49.11,1.36,Yes,Ola
17.42695,78.47905,17.45145,78.51794,4.94,Morning,Weekend,Medium,AC-Car,1.38,19-01-2025 05:57,139.77,8.23,Yes,Ola
17.41594,78.43277,17.43913,78.40087,4.25,Night,Weekend,Low,Big-Car,1.01,18-01-2025 00:14,78.28,5.31,Yes,Ola
17.36469,78.51864,17.44189,78.4746,9.77,Morning,Weekend,High,Car,1.54,18-01-2025 09:33,306.54,24.42,Yes,Ola
17.43126,78.54153,17.46119,78.47872,7.45,Evening,Weekday,High,AC-Car,1.85,14-01-2025 17:47,303.86,18.62,Yes,Ola
17.36643,78.53453,17.3906,78.4249,11.94,Afternoon,Weekday,Low,Car,1.06,13-01-2025 14:06,163.66,14.92,Yes,Ola
17.42107,78.45221,17.43654,78.54119,9.6,Night,Weekday,Low,Car,1,16-01-2025 01:52,131,12,Yes,Ola
17.476,78.44705,17.37908,78.52501,13.58,Afternoon,Weekday,Low,AC-Car,1.04,06-01-2025 16:15,177.63,16.97,Yes,Ola
17.35926,78.40141,17.45056,78.40536,10.16,Evening,Weekend,High,AC-Car,1.74,19-01-2025 21:50,356.53,25.4,Yes,Ola
17.37759,78.53707,17.45207,78.45554,11.98,Night,Weekday,Low,Car,1.03,15-01-2025 04:31,159.44,14.97,Yes,Ola
17.41715,78.47116,17.47167,78.48331,6.2,Morning,Weekday,Medium,AC-Car,1.49,28-01-2025 07:43,173.44,10.33,Yes,Ola
17.46132,78.40712,17.42092,78.49175,10.04,Afternoon,Weekday,Medium,Big-Car,1.41,10-01-2025 12:20,229.1,16.73,Yes,Ola
17.40666,78.45268,17.36378,78.40207,7.18,Afternoon,Weekday,Medium,AC-Car,1.34,24-01-2025 14:40,171.73,11.97,Yes,Ola
17.40785,78.45115,17.41086,78.53969,9.4,Night,Weekend,Low,Car,1.1,05-01-2025 22:24,141.9,11.75,Yes,Ola
17.4284,78.5406,17.37937,78.42943,12.99,Night,Weekend,Low,Car,1.06,18-01-2025 23:43,174.79,16.24,Yes,Ola
17.37085,78.40563,17.431,78.50526,12.51,Afternoon,Weekday,Low,AC-Car,1.02,30-01-2025 16:54,163.3,15.64,Yes,Ola
17.36543,78.42741,17.41143,78.52975,12,Morning,Weekend,Medium,AC-Car,1.2,04-01-2025 06:25,223.2,20,Yes,Ola
17.38526,78.40831,17.41022,78.44914,5.15,Night,Weekend,Low,Big-Car,1.08,04-01-2025 00:33,93.42,6.44,Yes,Ola
17.38946,78.46563,17.43668,78.52782,8.43,Afternoon,Weekend,Low,Car,1,04-01-2025 15:47,119.3,10.54,Yes,Ola
17.43745,78.45855,17.39546,78.48015,5.2,Afternoon,Weekday,Low,Big-Car,1.08,09-01-2025 15:37,93.96,6.5,Yes,Ola
17.47181,78.47322,17.4059,78.45072,7.71,Evening,Weekday,High,Car,1.51,16-01-2025 21:26,253.91,19.27,Yes,Ola
17.45555,78.44758,17.45716,78.42778,2.11,Night,Weekday,Low,AC-Car,1.01,20-01-2025 23:25,56.66,2.64,Yes,Ola
17.41117,78.47836,17.46221,78.44304,6.8,Night,Weekday,Low,Big-Car,1.04,22-01-2025 23:41,107.12,8.5,Yes,Ola
17.38643,78.47373,17.42086,78.50745,5.24,Morning,Weekday,High,AC-Car,1.96,09-01-2025 10:14,256.96,13.1,No,Ola
17.42879,78.50531,17.37406,78.47748,6.76,Night,Weekday,Low,AC-Car,1.04,16-01-2025 23:34,106.7,8.45,Yes,Ola
17.37447,78.50595,17.4241,78.40656,11.9,Evening,Weekday,High,AC-Car,1.68,28-01-2025 21:11,388.08,29.75,Yes,Ola
17.45943,78.44125,17.35172,78.44488,11.98,Afternoon,Weekday,Medium,Big-Car,1.36,06-01-2025 12:14,252.63,19.97,Yes,Ola
17.36056,78.44623,17.37237,78.53966,10,Night,Weekday,Low,AC-Car,1.03,15-01-2025 04:16,139.05,12.5,Yes,Ola
17.41668,78.42589,17.41039,78.45918,3.6,Morning,Weekend,High,AC-Car,1.8,25-01-2025 11:54,191.7,9,Yes,Ola
17.43503,78.40037,17.46453,78.42794,4.39,Afternoon,Weekend,Medium,Car,1.38,05-01-2025 13:53,130.66,7.32,Yes,Ola
17.44174,78.44655,17.44045,78.54752,10.71,Night,Weekday,Low,AC-Car,1.03,28-01-2025 22:52,146.36,13.39,Yes,Ola
17.37303,78.48068,17.45246,78.45556,9.23,Night,Weekday,Low,AC-Car,1.07,30-01-2025 02:54,136.21,11.54,Yes,Ola
17.45234,78.49921,17.37915,78.54426,9.44,Night,Weekend,Low,AC-Car,1.09,18-01-2025 23:45,141.05,11.8,Yes,Ola
17.47853,78.43785,17.4339,78.4934,7.7,Evening,Weekend,High,Car,1.94,11-01-2025 19:31,325.92,19.25,Yes,Ola
17.36067,78.49663,17.44573,78.44294,11.04,Night,Weekday,Low,Car,1.08,21-01-2025 01:22,157.03,13.8,Yes,Ola
17.4382,78.45521,17.44301,78.44389,1.31,Afternoon,Weekday,Low,Big-Car,1.05,23-01-2025 16:02,50.51,1.64,Yes,Ola
17.36211,78.45288,17.37064,78.45506,0.98,Evening,Weekend,High,Big-Car,1.65,19-01-2025 21:02,110.88,2.45,No,Ola
17.35662,78.47535,17.43333,78.47956,8.54,Night,Weekday,Low,Big-Car,1.05,09-01-2025 22:32,126.42,10.67,Yes,Ola
17.35577,78.53792,17.47518,78.49434,14.06,Night,Weekday,Low,Big-Car,1.08,23-01-2025 04:32,189.65,17.57,Yes,Ola
17.42286,78.49536,17.41028,78.46013,3.99,Night,Weekday,Low,Car,1.09,07-01-2025 02:44,81.64,4.99,Yes,Ola
17.45766,78.54626,17.39514,78.51785,7.58,Afternoon,Weekday,Medium,Car,1.25,10-01-2025 13:57,166.2,12.63,Yes,Ola
17.44744,78.45024,17.35008,78.44167,10.86,Afternoon,Weekday,Low,AC-Car,1.06,06-01-2025 14:57,152.22,13.57,Yes,Ola
17.45455,78.44119,17.36311,78.51634,12.92,Evening,Weekday,High,Big-Car,1.86,14-01-2025 17:59,458.12,32.3,No,Ola
17.41154,78.46948,17.47654,78.48549,7.42,Evening,Weekday,High,Car,1.51,06-01-2025 18:11,247.34,18.55,Yes,Ola
17.46175,78.54679,17.44797,78.45037,10.34,Morning,Weekday,High,Car,1.76,28-01-2025 11:30,365.38,25.85,Yes,Ola
17.42343,78.46321,17.43442,78.53358,7.56,Evening,Weekday,High,Big-Car,1.92,24-01-2025 20:15,318.53,18.9,Yes,Ola
17.40527,78.49485,17.42985,78.4356,6.85,Night,Weekend,Low,AC-Car,1.04,25-01-2025 02:40,107.64,8.56,Yes,Ola
17.40926,78.46277,17.40296,78.46515,0.74,Night,Weekday,Low,Car,1.06,15-01-2025 00:31,44.94,0.92,Yes,Ola
17.47539,78.51056,17.40793,78.53459,7.92,Morning,Weekday,High,Car,1.85,07-01-2025 10:37,316.91,19.8,No,Ola
17.46497,78.54373,17.39633,78.41605,15.55,Afternoon,Weekday,Low,AC-Car,1.05,09-01-2025 12:44,200.03,19.44,Yes,Ola
17.4233,78.54004,17.442,78.45702,9.05,Night,Weekend,Low,Car,1.04,11-01-2025 22:02,130.52,11.31,Yes,Ola
17.42244,78.5048,17.38358,78.53083,5.13,Night,Weekday,Low,AC-Car,1.02,27-01-2025 04:05,88.03,6.41,Yes,Ola
17.41716,78.54806,17.38109,78.45816,10.35,Evening,Weekday,High,Big-Car,1.6,14-01-2025 20:46,332.4,25.87,Yes,Ola
17.38131,78.40484,17.39807,78.47906,8.09,Morning,Weekend,Medium,Big-Car,1.38,25-01-2025 11:25,191.93,13.48,Yes,Ola
17.42911,78.41109,17.35791,78.46613,9.84,Evening,Weekday,High,Big-Car,1.88,07-01-2025 17:33,376.19,24.6,Yes,Ola
17.38055,78.49774,17.41638,78.43219,8.02,Night,Weekend,Low,Big-Car,1.06,26-01-2025 01:38,122.11,10.02,Yes,Ola
17.41147,78.54744,17.39548,78.40658,15.05,Night,Weekday,Low,AC-Car,1.05,15-01-2025 02:53,194.78,18.81,Yes,Ola
17.43018,78.478,17.36645,78.52172,8.47,Evening,Weekday,High,Car,1.73,06-01-2025 20:01,310.62,21.18,Yes,Ola
17.42354,78.40889,17.44141,78.49291,9.13,Evening,Weekday,High,AC-Car,1.94,21-01-2025 18:30,367.53,22.82,Yes,Ola
17.39651,78.49157,17.43449,78.54393,6.98,Night,Weekday,Low,Car,1.02,03-01-2025 04:11,106.9,8.72,Yes,Ola
17.36367,78.49067,17.37225,78.53115,4.4,Afternoon,Weekday,Medium,Big-Car,1.44,23-01-2025 14:39,136.51,7.33,Yes,Ola
17.41702,78.48049,17.44868,78.50715,4.52,Afternoon,Weekday,Medium,Car,1.22,01-01-2025 14:17,117.41,7.53,Yes,Ola
17.37068,78.4713,17.4237,78.47583,5.92,Night,Weekday,Low,Car,1.05,09-01-2025 01:58,98.91,7.4,Yes,Ola
17.41877,78.48047,17.40764,78.41703,6.84,Night,Weekday,Low,AC-Car,1.06,06-01-2025 23:57,109.6,8.55,Yes,Ola
17.42569,78.51717,17.371,78.45012,9.36,Afternoon,Weekday,Medium,Car,1.45,03-01-2025 16:32,223.76,15.6,Yes,Ola
17.38664,78.50577,17.35115,78.42288,9.64,Evening,Weekday,High,Big-Car,1.75,09-01-2025 18:11,344.93,24.1,Yes,Ola
17.46659,78.47684,17.47326,78.49143,1.72,Night,Weekend,Low,AC-Car,1.03,05-01-2025 02:00,53.77,2.15,Yes,Ola
17.40652,78.50624,17.47091,78.52585,7.46,Morning,Weekday,High,Car,1.76,08-01-2025 11:03,289.34,18.65,Yes,Ola
17.36039,78.43229,17.44324,78.42192,9.28,Night,Weekend,Low,AC-Car,1.01,11-01-2025 23:52,129.08,11.6,Yes,Ola
17.35714,78.54508,17.43269,78.54469,8.4,Night,Weekend,Low,Car,1.04,26-01-2025 22:18,123.76,10.5,Yes,Ola
17.40658,78.46451,17.41838,78.54911,9.07,Evening,Weekday,High,Big-Car,1.54,24-01-2025 20:55,290.37,22.68,Yes,Ola
17.37385,78.46994,17.43994,78.40636,9.98,Afternoon,Weekday,Low,Car,1.03,27-01-2025 15:41,138.84,12.47,Yes,Ola
17.44573,78.46337,17.41747,78.49023,4.24,Afternoon,Weekday,Low,Car,1.03,30-01-2025 14:01,79.72,5.3,Yes,Ola
17.36957,78.51425,17.45949,78.47578,10.8,Morning,Weekend,Medium,Big-Car,1.33,05-01-2025 10:30,228.23,18,Yes,Ola
17.40319,78.49557,17.45236,78.48979,5.5,Morning,Weekday,High,Big-Car,1.89,21-01-2025 09:58,255.15,13.75,No,Ola
17.36254,78.45448,17.40507,78.49938,6.71,Evening,Weekday,High,Big-Car,1.89,08-01-2025 17:28,289.45,16.77,No,Ola
17.36659,78.4761,17.35214,78.40413,7.81,Afternoon,Weekday,Medium,Car,1.36,27-01-2025 13:28,184.58,13.02,Yes,Ola
17.38421,78.52854,17.40361,78.4508,8.53,Night,Weekday,Low,AC-Car,1.01,21-01-2025 04:30,121.5,10.66,Yes,Ola
17.43422,78.45534,17.411,78.49317,4.77,Night,Weekday,Low,AC-Car,1.08,20-01-2025 02:38,89.32,5.96,Yes,Ola
17.39364,78.53062,17.41491,78.43869,10.04,Night,Weekday,Low,Big-Car,1.06,30-01-2025 01:06,143.52,12.55,Yes,Ola
17.36341,78.42847,17.36589,78.4562,2.96,Night,Weekday,Low,Big-Car,1.09,28-01-2025 00:25,70.41,3.7,Yes,Ola
17.36815,78.47874,17.42133,78.53461,8.37,Evening,Weekend,High,AC-Car,1.87,18-01-2025 21:14,332.95,20.92,Yes,Ola
17.3681,78.44259,17.41564,78.42624,5.56,Afternoon,Weekend,Medium,Car,1.49,18-01-2025 15:12,161.99,9.27,Yes,Ola
17.39853,78.402,17.47252,78.47051,10.98,Evening,Weekday,High,AC-Car,1.99,13-01-2025 18:55,432.23,27.45,Yes,Ola
17.40419,78.50337,17.39471,78.45251,5.5,Morning,Weekday,High,Big-Car,1.7,14-01-2025 06:51,229.5,13.75,Yes,Ola
17.43829,78.40119,17.4006,78.52248,13.53,Night,Weekend,Low,Car,1.1,26-01-2025 04:48,187.33,16.91,Yes,Ola
17.4008,78.45606,17.37849,78.54353,9.61,Night,Weekday,Low,Car,1.03,27-01-2025 04:36,135.03,12.01,Yes,Ola
17.39389,78.54483,17.38651,78.51569,3.2,Evening,Weekend,High,AC-Car,1.85,25-01-2025 18:30,185.93,8,Yes,Ola
17.36386,78.4331,17.35226,78.40824,2.94,Night,Weekday,Low,AC-Car,1.09,20-01-2025 01:27,70.2,3.67,Yes,Ola
17.47855,78.49102,17.42951,78.44087,7.62,Night,Weekday,Low,Car,1.05,22-01-2025 22:17,116.76,9.53,Yes,Ola
17.39961,78.44478,17.38512,78.40932,4.09,Morning,Weekend,High,AC-Car,1.66,04-01-2025 09:07,188.99,10.22,No,Ola
17.38904,78.52759,17.3578,78.46576,7.42,Afternoon,Weekday,Medium,Big-Car,1.46,30-01-2025 12:28,191.32,12.37,Yes,Ola
17.4494,78.53752,17.36975,78.40195,16.89,Night,Weekday,Low,Big-Car,1.06,30-01-2025 02:13,216.13,21.11,Yes,Ola
17.38236,78.52708,17.3701,78.50658,2.57,Evening,Weekend,High,Big-Car,1.55,05-01-2025 18:20,141.13,6.42,Yes,Ola
17.42995,78.42808,17.44589,78.41465,2.27,Evening,Weekday,High,Big-Car,1.69,10-01-2025 21:07,146.27,5.67,Yes,Ola
17.36443,78.50205,17.4393,78.43288,11.1,Evening,Weekday,High,Big-Car,1.84,22-01-2025 21:58,402.96,27.75,Yes,Ola
17.39003,78.48206,17.42791,78.46102,4.77,Afternoon,Weekday,Low,AC-Car,1.04,10-01-2025 14:15,86.01,5.96,Yes,Ola
17.36163,78.41572,17.41601,78.50202,10.97,Night,Weekday,Low,AC-Car,1.05,28-01-2025 01:10,151.94,13.71,Yes,Ola
17.40051,78.50922,17.39129,78.50829,1.03,Morning,Weekday,High,AC-Car,1.99,20-01-2025 06:22,135.22,2.57,Yes,Ola
17.39877,78.53042,17.40665,78.52224,1.23,Afternoon,Weekend,Medium,AC-Car,1.27,04-01-2025 12:32,72.09,2.05,Yes,Ola
17.38429,78.46921,17.41117,78.45199,3.5,Morning,Weekend,High,Big-Car,1.58,04-01-2025 09:07,165.9,8.75,Yes,Ola
17.43721,78.4728,17.4472,78.44796,2.86,Morning,Weekday,Medium,Car,1.24,24-01-2025 06:12,94.64,4.77,Yes,Ola
17.36055,78.42884,17.36341,78.49659,7.2,Morning,Weekday,Medium,AC-Car,1.34,23-01-2025 08:36,172.06,12,Yes,Ola
17.44378,78.42106,17.42666,78.40681,2.43,Night,Weekend,Low,Big-Car,1.04,04-01-2025 03:31,61.67,3.04,Yes,Ola
17.43246,78.49745,17.40497,78.54768,6.14,Morning,Weekday,Medium,Car,1.21,07-01-2025 09:47,139.97,10.23,Yes,Ola
17.43865,78.46711,17.45342,78.47754,1.98,Morning,Weekend,High,AC-Car,1.66,11-01-2025 05:34,136.45,4.95,Yes,Ola
17.40376,78.48973,17.47724,78.43602,9.96,Evening,Weekday,High,Big-Car,1.82,22-01-2025 18:11,367.46,24.9,Yes,Ola
17.35702,78.43414,17.35504,78.48129,5.01,Afternoon,Weekday,Low,Big-Car,1.02,21-01-2025 13:29,86.8,6.26,Yes,Ola
17.42028,78.53165,17.39674,78.42892,11.21,Morning,Weekend,Medium,Car,1.28,04-01-2025 06:06,225.95,18.68,Yes,Ola
17.46548,78.48974,17.4576,78.41535,7.94,Night,Weekday,Low,Car,1.02,28-01-2025 03:49,116.69,9.93,Yes,Ola
17.37869,78.50023,17.35709,78.49635,2.44,Morning,Weekday,Medium,Car,1.46,07-01-2025 08:45,104.07,4.07,Yes,Ola
17.45345,78.5115,17.46902,78.47011,4.72,Morning,Weekday,Medium,AC-Car,1.21,29-01-2025 06:35,119.35,7.87,Yes,Ola
17.43353,78.51936,17.40785,78.53058,3.09,Morning,Weekend,Medium,Big-Car,1.49,04-01-2025 11:48,117.83,5.15,Yes,Ola
17.41367,78.49836,17.45196,78.54973,6.92,Evening,Weekend,High,Car,1.63,11-01-2025 17:11,254.77,17.3,Yes,Ola
17.39154,78.54467,17.4415,78.45784,10.76,Night,Weekday,Low,Big-Car,1.07,29-01-2025 04:08,152.58,13.45,Yes,Ola
17.46238,78.4413,17.35061,78.42498,12.55,Evening,Weekend,High,AC-Car,1.66,12-01-2025 20:15,399.64,31.38,Yes,Ola
17.47976,78.42766,17.42535,78.51053,10.67,Evening,Weekend,High,Big-Car,1.54,12-01-2025 20:54,327.33,26.67,No,Ola
17.40921,78.44088,17.35707,78.42551,6.02,Evening,Weekday,High,Big-Car,1.81,16-01-2025 18:12,258.47,15.05,Yes,Ola
17.42903,78.46102,17.45435,78.44623,3.22,Morning,Weekday,High,Big-Car,1.89,09-01-2025 06:55,190.51,8.05,Yes,Ola
17.41307,78.54513,17.35225,78.51033,7.71,Afternoon,Weekday,Low,Car,1.07,27-01-2025 15:16,119.95,9.64,Yes,Ola
17.4293,78.43274,17.38976,78.44449,4.57,Night,Weekday,Low,AC-Car,1.05,01-01-2025 23:37,84.74,5.71,Yes,Ola
17.44259,78.43304,17.3782,78.44408,7.26,Afternoon,Weekend,Low,Car,1.07,26-01-2025 13:16,115.13,9.07,Yes,Ola
17.37259,78.42466,17.44185,78.53059,13.62,Morning,Weekend,Medium,Big-Car,1.22,11-01-2025 11:42,250.64,22.7,Yes,Ola
17.36031,78.41134,17.41147,78.54627,15.41,Afternoon,Weekday,Low,AC-Car,1.01,24-01-2025 13:53,190.99,19.26,Yes,Ola
17.46328,78.42224,17.42758,78.42608,3.99,Night,Weekday,Low,AC-Car,1.01,02-01-2025 03:16,75.65,4.99,Yes,Ola
17.36921,78.47753,17.41372,78.41128,8.6,Night,Weekday,Low,AC-Car,1.04,24-01-2025 04:12,125.84,10.75,Yes,Ola
17.41728,78.54202,17.39669,78.53958,2.3,Afternoon,Weekday,Low,AC-Car,1.08,15-01-2025 12:53,62.64,2.87,Yes,Ola
17.42753,78.45802,17.4184,78.52674,7.36,Morning,Weekday,Medium,Car,1.2,27-01-2025 08:27,156.38,12.27,Yes,Ola
17.47016,78.44951,17.44601,78.4537,2.72,Morning,Weekday,High,AC-Car,1.81,16-01-2025 10:46,168.87,6.8,No,Ola
